file	line	fn	family	node	category	justification
anf_ops.kai	77	collection_ops	arm	ERecordLit	P	record type ref and name carried through rebuild unchanged
ast.kai	263	ty_ref_qual	arm	TyRef	S	accessor of written qualifier/stamp state
ast.kai	269	ty_ref_written	arm	TyRef	S	accessor of written qualifier/stamp state
ast.kai	272	ty_ref_stamp	arm	TyRef	R	stamps resolved SymId onto TyRef
ast.kai	880	rl_name	arm	RL	X	accessor exposes label name to callers => use label SymId accessor
ast.kai	1235	is_builtin_theory	lit	==	X	builtin theory/kind recognised by name literal => enum of builtin kinds
ast.kai	1236	is_builtin_theory	lit	==	X	builtin theory/kind recognised by name literal => enum of builtin kinds
ast.kai	1240	is_builtin_kind	lit	==	X	builtin theory/kind recognised by name literal => enum of builtin kinds
ast.kai	1483	is_spread_field_marker	lit	==	M	field marker strings __spread__/__pun__ => typed field-kind node
ast.kai	1491	is_pun_field_marker	lit	==	M	field marker strings __spread__/__pun__ => typed field-kind node
ast.kai	1715	field_index_of_t	arm	TyCon	X	record fields looked up by type name => records keyed by TyCon SymId
ast_map.kai	75	prc_map_expr_kind	arm	ERecordLit	D	generic map rebuild, name passed through
ast_map.kai	84	prc_map_expr_kind	arm	EHandle	D	generic map rebuild, name passed through
borrow_escape.kai	55	binf_escapes_k	arm	EVar	L	escape check of local param binder
borrow_escape.kai	65	binf_escapes_k	arm	EVar	L	callee compared to local param binder
borrow_escape.kai	119	binf_any_arg_escapes	arm	EVar	L	argument compared to local param binder
borrow_escape.kai	137	binf_self_args_escape	arm	EVar	L	argument compared to local param binder
borrow_escape.kai	197	binf_var_present_k	arm	EVar	L	presence scan of local param binder
borrow_infer.kai	73	binf_kind_ok	arm	EVar	L	callee compared to local param binder
borrow_infer.kai	81	binf_kind_ok	arm	EVar	L	variable compared to local param binder
borrow_infer.kai	121	binf_match_ok	arm	EVar	L	scrutinee compared to local param binder
borrow_infer.kai	126	binf_match_ok	arm	EVar	L	scrutinee compared to local param binder
borrow_infer.kai	170	binf_arg_is_borrow_through	arm	EVar	L	argument compared to local param binder
borrow_infer.kai	202	binf_tail_rebuilds_ctor	arm	EVar	X	uppercase-initial test decides ctor => ESym with ctor kind
borrow_infer.kai	203	binf_tail_rebuilds_ctor	arm	EModCall	X	uppercase-initial test decides ctor => ESym with ctor kind
borrow_infer.kai	225	binf_args_ok	arm	EVar	L	argument compared to local param binder
brand_transp.kai	51	btr_transp_of_body	arm	EVar	L	body var compared to fn parameter names
brand_transp.kai	54	btr_transp_of_body	arm	EVar	L	tail var compared to parameter names and local rebinds
builtin_types.kai	38	core_effect_sym	lit	==	R	derives core effect SymId from name, "Process" picks home
cache_delta.kai	81	canon_ty	arm	TyCon	P	type canonicalised for cache key; name copied unchanged
cache_delta_test.kai	55	tys_roundtrip_ok	mint	TyCon	D	test fixture constructing a type or call node
cache_delta_test.kai	56	tys_roundtrip_ok	mint	TyCon	D	test fixture constructing a type or call node
cache_delta_test.kai	70	sample_scheme	mint	TyCon	D	test fixture constructing a type or call node
cache_delta_test.kai	118	tycon_args_scheme	mint	TyCon	D	test fixture constructing a type or call node
cache_delta_test.kai	169	decl_stream_survives_roundtrip	mint	EModCall	D	test fixture constructing a type or call node
cache_delta_test.kai	170	decl_stream_survives_roundtrip	mint	mk_ref	D	test fixture constructing a type or call node
cache_delta_test.kai	172	decl_stream_survives_roundtrip	mint	TyName	D	test fixture constructing a type or call node
cache_delta_test.kai	174	decl_stream_survives_roundtrip	mint	TyName	D	test fixture constructing a type or call node
cache_delta_test.kai	176	decl_stream_survives_roundtrip	mint	TyName	D	test fixture constructing a type or call node
cache_module_test.kai	31	tm_sample_decl	mint	TyName	D	test fixture constructing a type or call node
cache_module_test.kai	58	tm_sample_delta	mint	TyName	D	test fixture constructing a type or call node
call_site_check.kai	185	classify_call	lit	==	M	"__requires" clause name recognised by string => typed requires-clause node
call_site_target.kai	32	callee_id	arm	EModCall	X	derives fn SymId from (module, name) strings => EModCall resolved to ESym
cell_promote.kai	46	is_cell_intrinsic	lit	==	M	cell intrinsic recognised by name => typed cell intrinsic
cell_promote.kai	49	is_cell_get	lit	==	M	cell intrinsic recognised by name => typed cell intrinsic
cell_promote.kai	52	is_cell_set	lit	==	M	cell intrinsic recognised by name => typed cell intrinsic
cell_promote.kai	57	cell_ref_name	arm	EVar	L	cell var binder name
cell_promote.kai	246	cp_rw_kind	arm	EHandle	P	pass-through rebuild; name not inspected
cell_promote.kai	287	cp_is_var	arm	EVar	L	compared with promoted local var name
cell_scan.kai	30	cp_uses	arm	EVar	L	compared with local var name
cell_scan.kai	127	cp_intrinsic_operands	lit	==	M	cell intrinsic recognised by name => typed cell intrinsic
closure_spec.kai	111	callee_hofn	arm	EModCall	R	looks up higher-order fn by derived (module,name) SymId
closure_spec.kai	286	callee_is_proto_op	arm	EVar	M	"__proto_" prefix recognises protocol op callee => typed proto-op node/SymId kind
closure_spec.kai	287	callee_is_proto_op	arm	EModCall	M	"__proto_" prefix recognises protocol op callee => typed proto-op node/SymId kind
closure_spec.kai	339	callee_is	arm	EVar	L	callee compared to closure parameter name
closure_spec.kai	340	callee_is	arm	EModCall	X	module call compared to closure param name => drop arm; module calls never params
closure_spec.kai	351	arg_is_var	arm	EVar	L	argument compared to closure parameter name
closure_spec.kai	384	classify_closure	arm	ESym	X	is_synthesised(name) prefix test on fn name => synthesised flag on decl/SymId
closure_spec.kai	439	captures_free	arm	EVar	X	uppercase-initial test name_is_global decides global => ESym vs EVar distinction
closure_spec_ast.kai	287	te_names	arm	TyName	L	collects type-parameter names of signature
closure_spec_emit.kai	90	qualify_walk	arm	EVar	X	bare call qualified when name in module fn names => resolved ESym of module fn
closure_spec_emit.kai	122	passes_param	arm	EVar	L	argument compared to closure parameter name
closure_spec_emit.kai	136	beta_apply_all	arm	EVar	L	callee compared to closure parameter name for beta reduction
closure_spec_emit.kai	144	beta_apply_all	arm	EVar	L	variable compared to closure parameter name for beta reduction
closure_spec_emit.kai	280	count_param_reads	arm	EVar	L	read count of local parameter name
closure_spec_emit.kai	300	subst_scoped	arm	EVar	L	substitution of closure parameter names in body
const_pattern.kai	99	cpat_pat	arm	PVariant	X	nullary variant name looked up in const decl list by name => ctor/const SymId from resolve
const_pattern.kai	100	cpat_pat	arm	PVariant	P	passthrough: variant with subpatterns rebuilt, name untouched
const_pattern.kai	103	cpat_pat	arm	PVariantRecord	P	passthrough: variant record rebuilt, name untouched
cont_crossing.kai	45	cc	arm	EHandle	X	handled effect passed by name to needs predicate => pass SymId only
cont_crossing.kai	135	at_call	arm	TyCon	X	tycon_is falls back to name when no id => compare SymId only
cont_crossing.kai	142	fiber_call	lit	==	X	literal "Fiber" compare picks message => compare SymId to core_ty_sym(CtFiber)
cont_crossing.kai	160	is_pid	arm	TyCon	X	tycon_is falls back to name when no id => compare SymId only
cont_crossing.kai	185	ref_name	arm	EVar	L	free-read check against thunk's local binders
cont_crossing.kai	186	ref_name	arm	ESym	X	resolved symbol compared by name to locals => use sym_is_local on SymId
cont_type.kai	21	is_cont_ty	arm	TyCon	X	tycon_is falls back to name when no id => compare SymId only
cont_type.kai	27	cont_parts	arm	TyCon	X	tycon_is falls back to name when no id => compare SymId only
core_prims.kai	71	core_is_unit_coercion	lit	==	M	__strip_unit/__attach_unit/__detach_unit callees => typed unit-coercion node
core_reach.kai	214	cr_expr	arm	EVar	X	core reachability keyed by callee name => key by SymId
core_reach.kai	215	cr_expr	arm	ESym	X	core reachability keyed by callee name => key by SymId
core_reach.kai	216	cr_expr	arm	EModCall	X	core reachability keyed by callee name => key by SymId
core_reach.kai	277	cr_check_expr	arm	EVar	X	core reach check keyed by callee name => key by SymId
core_reach.kai	278	cr_check_expr	arm	ESym	X	core reach check keyed by callee name => key by SymId
core_reach.kai	279	cr_check_expr	arm	EModCall	X	core reach check keyed by callee name => key by SymId
core_shadow_diag.kai	39	core_shadow_pair	arm	TyCon	X	core type decided by name and id pair => compare SymId to core_ty_sym
core_shadow_diag.kai	40	core_shadow_pair	arm	TyCon	X	core type decided by name and id pair => compare SymId to core_ty_sym
ctor_dump.kai	44	cd_node	arm	ESym	D	--dump of ctor references
ctor_dump.kai	45	cd_node	arm	EVar	D	--dump of ctor references
ctor_dump.kai	46	cd_node	arm	EModCall	D	--dump of ctor references
ctor_dump.kai	69	cd_pat	arm	PVariant	D	--dump of ctor patterns
ctor_dump.kai	70	cd_pat	arm	PVariantRecord	D	--dump of ctor record patterns
ctor_dump.kai	116	cd_line	acc	sym_name	D	--dump line text of ctor symbol
decl_names.kai	86	nt_one	acc	hs_display	R	builds name table entries from declarations
decl_names.kai	95	nt_one	acc	hs_display	R	builds name table entries from declarations
decl_names.kai	130	nt_type_spelling	acc	hs_display	R	builds name table entries from declarations
deep_hoist.kai	135	dh_literal_kind	arm	ERecordLit	P	pass-through rebuild; name not inspected
deep_outline.kai	98	do_pins	arm	EVar	X	callee compared to fn name and resume/region/nursery => SymId / typed op
deep_outline.kai	99	do_pins	arm	ESym	X	callee compared to fn name and resume/region/nursery => SymId / typed op
derive_generic.kai	69	dg_ty	arm	TyName	S	derive expansion applies bare head name of the derived type
desugar.kai	127	dsg_map_expr_kind	arm	ERecordLit	S	structural rebuild of record literal, name passed through
desugar.kai	136	dsg_map_expr_kind	arm	EHandle	S	structural rebuild of handle expression, names passed through
desugar.kai	497	dpr_kind	arm	ERecordLit	X	expands positional record literal by looking up record decl by name => rec lookup by TyRef SymId
desugar.kai	601	dpr_kind	arm	EHandle	S	structural recursion over handle, names passed through
desugar.kai	1068	lower_extern_opaque_one	mint	TyName	X	mints TyName "Int" for FFI handle field => TyName carrying core_ty_sym(CtInt)
desugar.kai	1160	build_refine_pred_fn	mint	TyName	X	mints TyName "Bool" for refine predicate return => TyName carrying core_ty_sym(CtBool)
desugar.kai	1245	lower_narrow_arm	arm	TyName	X	narrow arm tests alias membership by type name, mints pred fn name => alias table keyed by SymId
desugar.kai	1405	eff_is_cell	lit	==	X	decides cell effect by name compare "State"/"Reader" => compare effect SymId to core_effect_sym
desugar.kai	1504	lcr_kind	arm	EVar	L	var-cell capability binder membership in caps list
desugar.kai	1510	lcr_kind	arm	ESym	S	resolved ESym rebuilt unchanged, name unused
desugar.kai	1513	lcr_kind	arm	EVar	L	EVar compared against cell capability binders
desugar.kai	1514	lcr_kind	lit	==	M	"__deref" field name planted by desugar for @cell => EDeref node
desugar.kai	1574	lcr_kind	arm	EHandle	X	eff_is_cell(eff) tests handled effect by name => compare hsym to core effect sym
desugar.kai	1659	lcr_kind	arm	ERecordLit	S	structural recursion over record literal fields
desugar.kai	1852	escaping_closure_pos	arm	EVar	L	tainted closure binder names of current body
desugar.kai	2006	spawn_arg_escape_pos	arm	EVar	L	tainted closure binder names of current body
desugar.kai	2018	task_touches_cell	arm	EVar	L	cell binder name with get/set field of current body
desugar.kai	2023	task_touches_cell	arm	EVar	L	tainted closure binder names of current body
desugar.kai	2141	contains_cell_access	arm	EVar	L	cell binder name with get/set field of current body
desugar.kai	2271	var_canonical_clauses	mint	mk_ref	L	reference to handler's resume binder just introduced
desugar.kai	2274	var_canonical_clauses	mint	mk_ref	L	reference to synthesised local binder v
desugar.kai	2284	var_canonical_return	mint	mk_ref	L	reference to synthesised local binder x
desugar.kai	2477	body_escapes	arm	EVar	L	escape scan for local var binder name
desugar.kai	2486	body_escapes	arm	EVar	L	cell binder name with get/set field of current body
desugar.kai	2636	contains_var	arm	EVar	L	occurrence scan of local var binder name
desugar.kai	2753	var_slot_of	arm	EVar	M	recognises slot by "array_make" callee and "__slot" suffix => typed var-slot node
desugar.kai	2777	specialise_kind	arm	EVar	L	cell binder name with get/set field of current body
desugar.kai	2790	specialise_kind	mint	mk_ref	X	mints call to array_get by name => ESym of core array_get SymId
desugar.kai	2799	specialise_kind	mint	mk_ref	X	mints call to array_set by name => ESym of core array_set SymId
desugar.kai	2857	desugar_var_block	mint	mk_ref	X	mints call to array_make by name => ESym of core array_make SymId
desugar.kai	3018	use_rewrite_kind	arm	EVar	R	resolves bare effect-op name through use-open owners table
desugar.kai	3056	use_rewrite_kind	arm	EHandle	S	structural recursion over handle, names passed through
desugar.kai	3176	use_rewrite_recurse	arm	ERecordLit	S	structural recursion over record literal fields
desugar.kai	3849	rewrite_nursery_caps_kind	arm	EVar	X	detects nursery call by callee name literal => compare callee SymId to core nursery
desugar.kai	3858	rewrite_nursery_caps_kind	arm	EVar	L	looks up nursery capability binder in local scope
desugar.kai	3866	rewrite_nursery_caps_kind	mint	mk_ref	X	mints EVar "Spawn" effect reference => ESym of core Spawn effect
desugar.kai	3901	rewrite_nursery_caps_kind	arm	EVar	L	looks up nursery capability binder in local scope
desugar.kai	3906	rewrite_nursery_caps_kind	mint	mk_ref	X	mints EVar "Spawn" effect reference => ESym of core Spawn effect
desugar.kai	3941	rewrite_nursery_caps_kind	arm	EHandle	S	structural recursion over handle, names passed through
desugar.kai	3995	rewrite_nursery_caps_kind	arm	ERecordLit	S	structural recursion over record literal fields
desugar.kai	4361	expr_brand	arm	EVar	L	brand env lookup of local binder
desugar.kai	4364	expr_brand	arm	EVar	X	tests effect name "Spawn" and op "spawn" literals => compare effect SymId to core Spawn
desugar.kai	4365	expr_brand	lit	==	X	tests effect name "Spawn" and op "spawn" literals => compare effect SymId to core Spawn
desugar.kai	4378	expr_brand	arm	EVar	X	brand transparency table keyed by function name => table keyed by fn SymId
desugar.kai	4677	warn_brand_opaque_call	arm	EVar	X	brand transparency table keyed by function name => table keyed by fn SymId
doc_attr.kai	134	doc_target_head	arm	TyName	D	head name used as doc target text
doc_attr.kai	192	doc_te	arm	TyName	D	renders surface type as documentation text
doc_attr.kai	237	doc_label	arm	RL	D	renders row label as documentation text
driver.kai	285	dump_expr	arm	EVar	D	name printed in AST dump
driver.kai	287	dump_expr	arm	ESym	D	name printed in AST dump
driver.kai	329	dump_expr	arm	ERecordLit	D	name printed in AST dump
driver.kai	380	dump_expr	arm	EHandle	D	name printed in AST dump
driver.kai	403	dump_expr	arm	EModCall	D	name printed in AST dump
driver.kai	594	dump_pat	arm	PVariant	D	name printed in AST dump
driver.kai	599	dump_pat	arm	PVariantRecord	D	name printed in AST dump
driver.kai	600	dump_pat	acc	ty_ref_qual	D	name printed in AST dump
driver.kai	655	dump_type	arm	TyName	D	name printed in AST dump
driver.kai	914	dump_type_body	acc	rl_names	D	name printed in AST dump
driver.kai	3542	find_local_at_expr	arm	EVar	S	lsp lookup/signature help by written name
driver.kai	3784	find_var_at_expr	arm	EVar	S	lsp lookup/signature help by written name
driver.kai	4408	call_name_of	arm	EVar	S	lsp lookup/signature help by written name
driver.kai	4409	call_name_of	arm	ESym	S	lsp lookup/signature help by written name
effect_alias.kai	50	alias_cand_of	arm	TyName	X	alias target effect recorded as bare name with no id => RL carrying resolved effect SymId
effect_alias.kai	101	ea_labels	acc	rl_name	X	tests effect membership by name in cx.effs list => effect table keyed by SymId
effect_alias.kai	171	ea_same	arm	RL	X	label equality compares effect name strings => compare SymId only
effect_alias_scope.kai	55	alias_expand	acc	rl_name	X	alias lookup table keyed by label name => table keyed by alias SymId
effect_alias_scope.kai	58	alias_expand	acc	rl_name	X	alias components fetched by label name => table keyed by alias SymId
effect_alias_scope.kai	79	eff_declares_op	arm	RL	X	effect-op lookup compares label name to decl name => compare effect SymId
effect_instance.kai	61	row_label_keys	arm	RL	X	instance key built from effect name text => key from effect SymId
effect_instance.kai	75	te_text	arm	TyName	X	type key text spelled from name with sym fallback => key from SymId only
effect_instance.kai	93	name_text	lit	==	X	literal "List" compare for key text => compare SymId to core_ty_sym(CtList)
effect_instance.kai	101	ty_text	arm	TyCon	X	key text falls back to short name when no id => key from SymId only
effect_instance_canon.kai	49	needs_canon	arm	EHandle	X	arity lookup and pin match by effect name => arity table keyed by effect SymId
effect_instance_canon.kai	51	needs_canon	arm	TyCon	X	pin matched by effect name equality => pin keyed by effect SymId
effect_instance_canon.kai	60	canon_expr	arm	EHandle	X	pins filtered and arity looked up by handled effect name => key pins by SymId
effect_instance_canon.kai	74	pin_op	arm	TyCon	X	pin matched to call type by effect name => key pins by SymId
effect_instance_canon.kai	84	row_pins	arm	RL	X	pin recorded under label name string => RowPin keyed by SymId
effect_instance_canon.kai	87	is_sole_pinned	arm	RL	X	counts labels with same name to find sole pinned => compare label SymIds
effect_instance_canon.kai	113	ty_as_te	arm	TyCon	X	rebuilds TyName copying name alongside SymId => TyName without name slot
effect_instance_canon.kai	121	te_as_ty	arm	TyName	X	mints prim/TyCon from TyName name with sym lookup => type from SymId directly
effect_instance_canon.kai	171	te_mentions	arm	TyName	L	type-parameter name of the declaration compared to TyName
effect_scope.kai	56	es_decl_leaf	acc	es_spell	R	stamps effect decl spelling and SymId from home
effect_scope.kai	110	es_leaf	arm	EVar	R	resolves bare effect op reference through scope table
effect_scope.kai	125	es_qualified_perform	arm	EVar	R	resolves qualified effect op through module table
effect_scope_check.kai	94	eschk_labels	arm	RL	D	ambiguous effect name diagnostic
effect_scope_check.kai	100	eschk_expr	arm	EHandle	D	ambiguous effect name diagnostic on handle
effect_scope_check.kai	102	eschk_expr	arm	EVar	D	ambiguous effect name diagnostic on op reference
effect_scope_table.kai	64	es_spell	acc	hs_spell	R	effect spelling by home in scope table
effect_scope_table.kai	88	es_resolve	acc	es_spell	R	settles written effect name to SymId and spelling
effect_scope_table.kai	97	es_contested	acc	sym_home	R	collects homes of ambiguous effect candidates
effect_scope_table.kai	113	es_resolve_qualified	acc	es_spell	R	qualified effect lookup in module exports
effect_scope_types.kai	40	es_ty	arm	TyName	R	scope rewrite of type names, structure preserved
effect_scope_types.kai	52	es_ty_arg	arm	TyName	R	resolves effect named as type argument via scope
effect_scope_types.kai	67	es_label	arm	RL	R	resolves row label name and stamps SymId
emit_c.kai	367	emit_unw_closure	arm	EVar	L	unwrapped local callee/arg binder checked against locals
emit_c.kai	369	emit_unw_closure	arm	EVar	M	__perceus_dup marker recognised by name => EMark(MkPerceusDup)
emit_c.kai	371	emit_unw_closure	arm	EVar	L	unwrapped local callee/arg binder checked against locals
emit_c.kai	554	ty_has_region_brand	arm	TyCon	X	excludes numeric carriers by type name => compare TyCon SymId to core syms
emit_c.kai	562	ty_is_numeric_carrier_name	lit	==	X	Decimal/DecimalBig/BigInt literal name compare => compare SymId to core_ty_sym
emit_c.kai	803	walk_bare_callees	arm	EVar	X	collects bare callee names into name set => collect callee SymIds
emit_c.kai	1772	nullary_ctor_tag	arm	EVar	X	looks up nullary ctor tag by bare name => variant table keyed by ctor SymId
emit_c.kai	1775	nullary_ctor_tag	arm	EVar	X	looks up nullary ctor tag by bare name => variant table keyed by ctor SymId
emit_c.kai	1795	store_raw_int	arm	EVar	L	raw-int local binder set membership
emit_c.kai	2209	emit_ufn_boxed_call	arm	EVar	X	callee fn signature looked up by name in fx table => key by SymId
emit_c.kai	2218	emit_ufn_boxed_call	arm	EModCall	X	qualified fn signature looked up by (mod,name) => key by SymId
emit_c.kai	2282	emit_call_expr_default	arm	EVar	X	callee name dispatched against builtins/resume/markers => ESym SymId or EMark
emit_c.kai	2336	emit_call_expr_default	lit	==	M	__perceus_dup callee marker test => EMark(MkPerceusDup)
emit_c.kai	2353	emit_call_expr_default	lit	==	M	__strip_unit/__attach_unit/__detach_unit callee strings => EMark(MkUnitCast)
emit_c.kai	2381	emit_call_expr_default	lit	==	M	__perceus_reuse_cons callee marker => EMark(MkReuseCons)
emit_c.kai	2399	emit_call_expr_default	lit	==	M	__perceus_reuse_record callee marker => EMark(MkReuseRecord)
emit_c.kai	2407	emit_call_expr_default	arm	ERecordLit	P	record name ignored; only field inits are emitted
emit_c.kai	2422	emit_call_expr_default	lit	==	M	__perceus_reuse_variant callee marker => EMark(MkReuseVariant)
emit_c.kai	2445	emit_call_expr_default	arm	EVar	X	ctor looked up by bare name in variants table => ctor SymId from node
emit_c.kai	2447	emit_call_expr_default	arm	EModCall	X	ctor looked up by bare name in variants table => ctor SymId from node
emit_c.kai	2749	emit_call_expr_default	arm	EModCall	X	qualified ctor looked up by (mod,name) in variants => ctor SymId
emit_c.kai	2923	evf_require_walk	lit	==	X	effect name compared to "Ffi" and spelled => compare effect SymId to core Ffi
emit_c.kai	3007	emit_vec_get_field_fused	arm	EVar	X	callee compared to "vec_get"/"vec_get_borrow" => compare ESym to core fn SymId
emit_c.kai	3035	emit_vec_write_rec_fused	arm	EVar	X	callee compared to "vec_push" => compare ESym to core fn SymId
emit_c.kai	3102	emit_pat_test	arm	PVariant	X	variant tag looked up by (home,ctor name) => variant table keyed by ctor SymId
emit_c.kai	3103	emit_pat_test	arm	PVariantRecord	X	variant tag looked up by (home,ctor name) => variant table keyed by ctor SymId
emit_c.kai	3257	emit_enum_slot_test	arm	PVariant	X	ctor tag/arity looked up by (home,name) => variant table keyed by ctor SymId
emit_c.kai	3405	emit_pat_binds	arm	PVariant	X	variant slot kinds looked up by (home,name) => table keyed by ctor SymId
emit_c.kai	3465	pat_kind1_binders	arm	PVariant	X	variant slot kinds looked up by (home,name) => table keyed by ctor SymId
emit_c.kai	3691	try_reuse_cons_arm	arm	EVar	M	callee name bound to test __perceus_reuse_cons marker => EMark(MkReuseCons)
emit_c.kai	3692	try_reuse_cons_arm	lit	==	M	__perceus_reuse_cons marker test => EMark(MkReuseCons)
emit_c.kai	3903	expr_is_borrowed_binder	arm	EVar	L	membership in borrowed local binders of the function
emit_c.kai	3938	arm_tail_consumes_kind	arm	EVar	M	__kai_trmc| sentinel prefix test => EMark(MkTrmcStep)
emit_c.kai	3955	arm_apply_is_ctor	arm	EVar	X	ctor detected by uppercase first letter => ctor SymId kind test
emit_c.kai	3956	arm_apply_is_ctor	arm	EModCall	X	ctor detected by uppercase first letter => ctor SymId kind test
emit_c.kai	3982	try_arm_top_reuse	arm	PVariant	X	variant slot kinds looked up by (home,name) => table keyed by ctor SymId
emit_c.kai	4017	arm_bare_use_kind	arm	EVar	L	arm binder name compared to bare use of local
emit_c.kai	4035	arm_call_bare_use	arm	EVar	M	__perceus_dup callee marker test => EMark(MkPerceusDup)
emit_c.kai	4208	try_reuse_variant_arm	arm	PVariant	X	reuse same-ctor test compares (home,name) of ctors => compare ctor SymIds
emit_c.kai	4210	try_reuse_variant_arm	arm	EVar	M	callee name bound to test __perceus_reuse_variant marker => EMark(MkReuseVariant)
emit_c.kai	4211	try_reuse_variant_arm	lit	==	M	__perceus_reuse_variant marker test => EMark(MkReuseVariant)
emit_c.kai	4274	rv_count_uses	arm	EVar	L	counts uses of an arm binder
emit_c.kai	4572	rv_any_nested_ctor	arm	EVar	X	ctor detected by uppercase first letter => ctor SymId kind test
emit_c.kai	4573	rv_any_nested_ctor	arm	EModCall	X	ctor detected by uppercase first letter => ctor SymId kind test
emit_c.kai	4639	reuse_kept_pay	arm	PVariant	X	reuse same-ctor test compares (home,name) of ctors => compare ctor SymIds
emit_c.kai	4641	reuse_kept_pay	arm	EVar	M	callee name bound to test __perceus_reuse_variant marker => EMark(MkReuseVariant)
emit_c.kai	4642	reuse_kept_pay	lit	==	M	__perceus_reuse_variant marker test => EMark(MkReuseVariant)
emit_c.kai	4719	reuse_carg_reads	arm	EVar	L	dup operand compared to local binder
emit_c.kai	4721	reuse_carg_reads	arm	EVar	M	EVar callee bound to test __perceus_dup marker => EMark(MkPerceusDup)
emit_c.kai	4722	reuse_carg_reads	lit	==	M	__perceus_dup marker test => EMark(MkPerceusDup)
emit_c.kai	5030	arms_shared_ctor_loop	arm	PVariant	X	shared-ctor detection across arms compares (home,name) => compare ctor SymIds
emit_c.kai	6506	emit_expr_raw	arm	EVar	L	raw-int local binder set membership
emit_c.kai	6606	emit_kind_raw	arm	EVar	E	spells raw local as C identifier kair_<name>
emit_c.kai	6679	emit_kind_raw	arm	EVar	M	callee name bound to test __fixed_vec_* markers => EMark(MkFixedVec*)
emit_c.kai	6680	emit_kind_raw	lit	==	M	__fixed_vec_lit marker => EMark(MkFixedVecLit)
emit_c.kai	6685	emit_kind_raw	lit	==	M	__fixed_vec_get marker => EMark(MkFixedVecGet)
emit_c.kai	6693	emit_kind_raw	lit	==	M	__fixed_vec_get_dyn marker => EMark(MkFixedVecGetDyn)
emit_c.kai	6788	emit_kind_raw	lit	==	M	__cell_init marker name test => EMark(MkCellInit)
emit_c.kai	6831	emit_ufn_raw_call	arm	EVar	X	callee fn signature looked up by name in fx table => key by SymId
emit_c.kai	6844	emit_ufn_raw_call	arm	EModCall	X	qualified fn signature looked up by (mod,name) => key by SymId
emit_c.kai	6918	emit_expr_boxed	arm	ESym	X	ESym name drives ident lookup in fx/fns tables => use SymId only
emit_c.kai	6939	emit_expr_boxed	arm	EVar	X	bare name looked up in lcs/fns to decide local vs decl => ESym SymId
emit_c.kai	7192	emit_expr_boxed	arm	EHandle	X	effect name keys handler instance; hsym ignored => key by effect SymId
emit_c.kai	7214	emit_expr_boxed	arm	EModCall	X	qualified nullary ctor looked up by (mod,name) => ctor SymId
emit_c.kai	7553	alias_is_byid_cell	lit	==	X	effect name compared to "State"/"Reader" => compare effect SymId to core
emit_c.kai	8123	emit_effect_struct	lit	==	X	evidence struct name compared to Evconcurrent__Cancel => compare effect SymId to core Cancel
emit_c.kai	8662	stdlib_proto_id_c	lit	==	X	protocol name compared to literal to pick runtime proto id => compare proto SymId to core
emit_c.kai	8663	stdlib_proto_id_c	lit	==	X	protocol name compared to literal to pick runtime proto id => compare proto SymId to core
emit_c.kai	8664	stdlib_proto_id_c	lit	==	X	protocol name compared to literal to pick runtime proto id => compare proto SymId to core
emit_c.kai	8665	stdlib_proto_id_c	lit	==	X	protocol name compared to literal to pick runtime proto id => compare proto SymId to core
emit_c.kai	8666	stdlib_proto_id_c	lit	==	X	protocol name compared to literal to pick runtime proto id => compare proto SymId to core
emit_c.kai	8667	stdlib_proto_id_c	lit	==	X	protocol name compared to literal to pick runtime proto id => compare proto SymId to core
emit_c.kai	8668	stdlib_proto_id_c	lit	==	X	protocol name compared to literal to pick runtime proto id => compare proto SymId to core
emit_c.kai	8669	stdlib_proto_id_c	lit	==	X	protocol name compared to literal to pick runtime proto id => compare proto SymId to core
emit_c.kai	8670	stdlib_proto_id_c	lit	==	X	protocol name compared to literal to pick runtime proto id => compare proto SymId to core
emit_c.kai	8671	stdlib_proto_id_c	lit	==	X	protocol name compared to literal to pick runtime proto id => compare proto SymId to core
emit_c.kai	8672	stdlib_proto_id_c	lit	==	X	protocol name compared to literal to pick runtime proto id => compare proto SymId to core
emit_c.kai	8673	stdlib_proto_id_c	lit	==	X	protocol name compared to literal to pick runtime proto id => compare proto SymId to core
emit_c.kai	8674	stdlib_proto_id_c	lit	==	X	protocol name compared to literal to pick runtime proto id => compare proto SymId to core
emit_c.kai	8675	stdlib_proto_id_c	lit	==	X	protocol name compared to literal to pick runtime proto id => compare proto SymId to core
emit_c.kai	8676	stdlib_proto_id_c	lit	==	X	protocol name compared to literal to pick runtime proto id => compare proto SymId to core
emit_c.kai	9315	check_arbitrary_for_ty	arm	TyName	X	type name compared to Int/Bool/Char/String literal => compare TyRef SymId to core_ty_sym
emit_c.kai	9316	check_arbitrary_for_ty	lit	==	X	type name compared to Int/Bool/Char/String literal => compare TyRef SymId to core_ty_sym
emit_c.kai	9317	check_arbitrary_for_ty	lit	==	X	type name compared to Int/Bool/Char/String literal => compare TyRef SymId to core_ty_sym
emit_c.kai	9318	check_arbitrary_for_ty	lit	==	X	type name compared to Int/Bool/Char/String literal => compare TyRef SymId to core_ty_sym
emit_c.kai	9319	check_arbitrary_for_ty	lit	==	X	type name compared to Int/Bool/Char/String literal => compare TyRef SymId to core_ty_sym
emit_c.kai	9323	check_arbitrary_for_ty	arm	TyName	X	type name compared to Int/Bool/Char/String literal => compare TyRef SymId to core_ty_sym
emit_c.kai	9324	check_arbitrary_for_ty	lit	==	X	type name compared to Int/Bool/Char/String literal => compare TyRef SymId to core_ty_sym
emit_c.kai	9325	check_arbitrary_for_ty	lit	==	X	type name compared to Int/Bool/Char/String literal => compare TyRef SymId to core_ty_sym
emit_c.kai	9326	check_arbitrary_for_ty	lit	==	X	type name compared to Int/Bool/Char/String literal => compare TyRef SymId to core_ty_sym
emit_c.kai	9327	check_arbitrary_for_ty	lit	==	X	type name compared to Int/Bool/Char/String literal => compare TyRef SymId to core_ty_sym
emit_c.kai	9354	check_shrink_for_ty	arm	TyName	X	type name compared to Int/Bool/Char/String literal => compare TyRef SymId to core_ty_sym
emit_c.kai	9355	check_shrink_for_ty	lit	==	X	type name compared to Int/Bool/Char/String literal => compare TyRef SymId to core_ty_sym
emit_c.kai	9356	check_shrink_for_ty	lit	==	X	type name compared to Int/Bool/Char/String literal => compare TyRef SymId to core_ty_sym
emit_c.kai	9357	check_shrink_for_ty	lit	==	X	type name compared to Int/Bool/Char/String literal => compare TyRef SymId to core_ty_sym
emit_c.kai	9358	check_shrink_for_ty	lit	==	X	type name compared to Int/Bool/Char/String literal => compare TyRef SymId to core_ty_sym
emit_c.kai	9362	check_shrink_for_ty	arm	TyName	X	type name compared to Int/Bool/Char/String literal => compare TyRef SymId to core_ty_sym
emit_c.kai	9363	check_shrink_for_ty	lit	==	X	type name compared to Int/Bool/Char/String literal => compare TyRef SymId to core_ty_sym
emit_c.kai	9364	check_shrink_for_ty	lit	==	X	type name compared to Int/Bool/Char/String literal => compare TyRef SymId to core_ty_sym
emit_c.kai	9365	check_shrink_for_ty	lit	==	X	type name compared to Int/Bool/Char/String literal => compare TyRef SymId to core_ty_sym
emit_c.kai	9366	check_shrink_for_ty	lit	==	X	type name compared to Int/Bool/Char/String literal => compare TyRef SymId to core_ty_sym
emit_c.kai	9816	stdlib_head_tag_c	lit	==	X	type name compared to core type literal for head tag => compare SymId to core_ty_sym
emit_c.kai	9817	stdlib_head_tag_c	lit	==	X	type name compared to core type literal for head tag => compare SymId to core_ty_sym
emit_c.kai	9818	stdlib_head_tag_c	lit	==	X	type name compared to core type literal for head tag => compare SymId to core_ty_sym
emit_c.kai	9819	stdlib_head_tag_c	lit	==	X	type name compared to core type literal for head tag => compare SymId to core_ty_sym
emit_c.kai	9820	stdlib_head_tag_c	lit	==	X	type name compared to core type literal for head tag => compare SymId to core_ty_sym
emit_c.kai	9821	stdlib_head_tag_c	lit	==	X	type name compared to core type literal for head tag => compare SymId to core_ty_sym
emit_c.kai	9822	stdlib_head_tag_c	lit	==	X	type name compared to core type literal for head tag => compare SymId to core_ty_sym
emit_c.kai	9823	stdlib_head_tag_c	lit	==	X	type name compared to core type literal for head tag => compare SymId to core_ty_sym
emit_c.kai	9824	stdlib_head_tag_c	lit	==	X	type name compared to core type literal for head tag => compare SymId to core_ty_sym
emit_c.kai	9825	stdlib_head_tag_c	lit	==	X	type name compared to core type literal for head tag => compare SymId to core_ty_sym
emit_c.kai	9826	stdlib_head_tag_c	lit	==	X	type name compared to core type literal for head tag => compare SymId to core_ty_sym
emit_c.kai	9827	stdlib_head_tag_c	lit	==	X	type name compared to core type literal for head tag => compare SymId to core_ty_sym
emit_c.kai	9828	stdlib_head_tag_c	lit	==	X	type name compared to core type literal for head tag => compare SymId to core_ty_sym
emit_c.kai	9829	stdlib_head_tag_c	lit	==	X	type name compared to core type literal for head tag => compare SymId to core_ty_sym
emit_c.kai	10389	desugar_op_calls_callee	arm	EVar	X	EVar name checked against effect name list to rewrite Eff.op => effect SymId from resolved node
emit_c.kai	10638	desugar_interp_kind	arm	ERecordLit	P	record name copied unchanged in rebuild
emit_c.kai	10654	desugar_interp_kind	arm	EHandle	P	effect name and sym copied unchanged in rebuild
emit_c.kai	10767	lift_interp_string	mint	mk_ref	X	mints callee by name string_concat_all => ESym of core fn SymId
emit_c.kai	11283	expand_row_labels	arm	RL	X	effect alias looked up by row label name => alias table keyed by SymId
emit_c.kai	11308	dedup_row_labels_loop	arm	RL	X	dedup key built from label name plus sym => key by effect SymId alone
emit_c.kai	11420	transparent_alias_of_decl	arm	TyName	X	alias body name checked in effect-name list => compare resolved effect SymId
emit_c.kai	11483	apply_tp_subst_te	arm	TyName	X	type-param subst looked up by TyName name => subst keyed by tparam SymId
emit_c.kai	11559	tp_subst_unit_lookup	arm	TyName	X	unit symbol taken from TyName name => unit identity by SymId
emit_c.kai	11612	apply_tp_subst_row	arm	TyName	X	uppercase-first name decides effect label vs row var => typed label vs rowvar
emit_c.kai	11635	apply_tp_subst_rls	arm	RL	P	row label name and sym copied unchanged in rebuild
emit_c.kai	11665	expand_ta_te	arm	TyName	X	alias table looked up by (name, arity) => table keyed by alias SymId
emit_c.kai	11742	expand_ta_rls	arm	RL	P	row label name and sym copied unchanged in rebuild
emit_c.kai	11920	expand_ta_expr_kind	arm	EHandle	P	effect name and hsym copied unchanged in rebuild
emit_c.kai	11959	expand_ta_pat	arm	PVariant	P	variant pattern home/name copied unchanged in rebuild
emit_c.kai	11962	expand_ta_pat	arm	PVariantRecord	P	variant pattern home/name copied unchanged in rebuild
emit_c.kai	12298	mangle_te	arm	TyName	X	private type renamed via priv_ty_lookup by (home,name) => private types keyed by SymId
emit_c.kai	12355	mangle_rls	arm	RL	P	row label name and sym copied unchanged in rebuild
emit_c.kai	12458	mangle_expr_kind	arm	EHandle	P	effect name and hsym copied unchanged in rebuild
emit_c.kai	12502	mangle_pat	arm	PVariant	P	variant pattern home/name copied unchanged in rebuild
emit_c.kai	12505	mangle_pat	arm	PVariantRecord	P	variant pattern home/name copied unchanged in rebuild
emit_c.kai	12659	mangle_ty	arm	TyCon	E	TyCon name spelled into mangled C type name
emit_c.kai	13058	trmc_reuse_cons_modcons	lit	==	M	__perceus_reuse_cons callee marker test => EMark(MkReuseCons)
emit_c.kai	13071	tcrec_walk_tail	arm	EVar	X	uppercase-first callee name detects ctor in tail call => ctor SymId kind test
emit_c.kai	13085	tcrec_walk_tail	arm	EModCall	X	uppercase-first callee name detects ctor in tail call => ctor SymId kind test
emit_c.kai	13119	tcrec_walk_tail	arm	EVar	M	EVar bound to test __pcs_arm_ret/__pcs_block_ret marks => EMark(MkPcsRet)
emit_c.kai	13120	tcrec_walk_tail	lit	==	M	__pcs_arm_ret/__pcs_block_ret marker names => EMark(MkPcsRet)
emit_c.kai	13280	trmc_walk_modcons	arm	EVar	X	uppercase-first callee name detects ctor in tail call => ctor SymId kind test
emit_c.kai	13286	trmc_walk_modcons	arm	EModCall	X	uppercase-first callee name detects ctor in tail call => ctor SymId kind test
emit_c.kai	13331	tcrec_is_pcs_ret_wrap	arm	EVar	M	__pcs_ret marker tail test => EMark(MkPcsRet)
emit_c.kai	13415	tcrec_find_pcs_ret_let	lit	==	M	let binder compared to __pcs_ret marker => EMark(MkPcsRet)
emit_c.kai	13435	tcrec_rebuild_pcs_ret_wrap	mint	EVar	M	mints EVar("__pcs_ret") marker tail => EMark(MkPcsRet)
emit_c.kai	13487	tcrec_collect_dm_kind	arm	EVar	E	callee name unused; self-call decided by SymId
emit_c.kai	13493	tcrec_collect_dm_kind	arm	EModCall	X	EModCall self-call decided by name-derived sym => match ESym SymId
emit_c.kai	13594	tcrec_borrow_reads_args	arm	EVar	L	argument compared to loop param local
emit_c.kai	13612	tcrec_all_reads_e	arm	EVar	L	read count of loop param local
emit_c.kai	13646	tcrec_kind_raw_read	arm	EVar	L	read of loop param local
emit_c.kai	13648	tcrec_kind_raw_read	arm	EVar	M	callee name bound to test __perceus_dup marker => EMark(MkPerceusDup)
emit_c.kai	13649	tcrec_kind_raw_read	lit	==	M	__perceus_dup marker test => EMark(MkPerceusDup)
emit_c.kai	13915	trmc_unwrap_ret	arm	EVar	M	EVar bound to test __pcs_arm_ret/__pcs_block_ret => EMark(MkPcsRet)
emit_c.kai	13916	trmc_unwrap_ret	lit	==	M	__pcs_arm_ret/__pcs_block_ret marker names => EMark(MkPcsRet)
emit_c.kai	14019	trmc_rewrite_kind	arm	EVar	X	uppercase-first callee name detects ctor in tail call => ctor SymId kind test
emit_c.kai	14020	trmc_rewrite_kind	arm	EModCall	X	uppercase-first callee name detects ctor in tail call => ctor SymId kind test
emit_c.kai	14026	trmc_rewrite_kind	arm	EVar	X	ctor name extracted from callee to rebuild ctor => ctor SymId from node
emit_c.kai	14027	trmc_rewrite_kind	arm	EModCall	X	ctor name extracted from callee to rebuild ctor => ctor SymId from node
emit_c.kai	14051	trmc_rewrite_kind	arm	EVar	M	reuse-cons marker callee tested by name => EMark(MkReuseCons)
emit_c.kai	14070	trmc_reuse_variant_ctor	arm	EVar	M	__perceus_reuse_variant marker test => EMark(MkReuseVariant)
emit_c.kai	14081	trmc_names_ctor	arm	EVar	X	ctor detected by uppercase first letter => ctor SymId kind test
emit_c.kai	14082	trmc_names_ctor	arm	EModCall	X	ctor detected by uppercase first letter => ctor SymId kind test
emit_c.kai	14112	tcrec_rewrite_kind	arm	EVar	E	callee name unused; self-call decided by SymId
emit_c.kai	14121	tcrec_rewrite_kind	arm	EModCall	X	EModCall self-call decided by name-derived sym => match ESym SymId
emit_c.kai	14209	trmc_scan_step_kind	arm	EVar	M	TRMC step sentinel callee prefix test => EMark(MkTrmcStep)
emit_c.kai	14258	tcrec_scan_kind	arm	EVar	M	TCREC/TRMC sentinel callee string test => EMark(MkTcrecStep)
emit_c.kai	14656	trmc_elided_real_release	arm	EVar	L	elided release of local binder
emit_c.kai	14679	trmc_slot_is_donor_identity	arm	EVar	L	donor arg compared to local binder
emit_native_fixedvec.kai	179	nfixed_elem_ty	lit	==	X	elem type tag string selects scalar kind => match fixed-elem kind enum
emit_native_fixedvec.kai	180	nfixed_elem_ty	lit	==	X	elem type tag string selects scalar kind => match fixed-elem kind enum
emit_native_fixedvec.kai	185	nfixed_elem_slot	lit	==	X	elem type tag string selects scalar kind => match fixed-elem kind enum
emit_native_fixedvec.kai	186	nfixed_elem_slot	lit	==	X	elem type tag string selects scalar kind => match fixed-elem kind enum
emit_native_fixedvec.kai	187	nfixed_elem_slot	lit	==	X	elem type tag string selects scalar kind => match fixed-elem kind enum
emit_native_fixedvec.kai	188	nfixed_elem_slot	lit	==	X	elem type tag string selects scalar kind => match fixed-elem kind enum
emit_native_fixedvec.kai	189	nfixed_elem_slot	lit	==	X	elem type tag string selects scalar kind => match fixed-elem kind enum
emit_native_fixedvec.kai	190	nfixed_elem_slot	lit	==	X	elem type tag string selects scalar kind => match fixed-elem kind enum
emit_native_fixedvec.kai	191	nfixed_elem_slot	lit	==	X	elem type tag string selects scalar kind => match fixed-elem kind enum
emit_native_fixedvec.kai	192	nfixed_elem_slot	lit	==	X	elem type tag string selects scalar kind => match fixed-elem kind enum
emit_native_fixedvec.kai	198	nfixed_box	lit	==	X	elem type tag string selects scalar kind => match fixed-elem kind enum
emit_native_fixedvec.kai	199	nfixed_box	lit	==	X	elem type tag string selects scalar kind => match fixed-elem kind enum
emit_native_fixedvec.kai	200	nfixed_box	lit	==	X	elem type tag string selects scalar kind => match fixed-elem kind enum
emit_native_fixedvec.kai	201	nfixed_box	lit	==	X	elem type tag string selects scalar kind => match fixed-elem kind enum
emit_native_fixedvec.kai	202	nfixed_box	lit	==	X	elem type tag string selects scalar kind => match fixed-elem kind enum
emit_native_fixedvec.kai	203	nfixed_box	lit	==	X	elem type tag string selects scalar kind => match fixed-elem kind enum
emit_native_fixedvec.kai	204	nfixed_box	lit	==	X	elem type tag string selects scalar kind => match fixed-elem kind enum
emit_native_fixedvec.kai	205	nfixed_box	lit	==	X	elem type tag string selects scalar kind => match fixed-elem kind enum
emit_native_ops.kai	367	nemit_evf_slot_node	lit	==	X	effect name compared to literal Ffi => compare effect SymId to core Ffi
emit_native_trmc.kai	296	ntrmc_cname_is_cons	lit	==	M	cons spine marker recognised by cname => typed TRMC cons-marker node
emit_reuse_donate.kai	137	rd_is_reuse_marker	arm	EVar	M	reuse marker callee recognised by name => EMark(MkReuseVariant/MkReuseCons)
emit_reuse_nested.kai	38	rv_cell_binds	arm	PVariant	X	ctor kinds looked up by (home,name) => variant table keyed by ctor SymId
emit_shared.kai	369	record_fi_is_binder_read	arm	EVar	M	dup sentinel recognised by name => EMark(MkPerceusDup)
emit_shared.kai	370	record_fi_is_binder_read	lit	==	M	dup sentinel recognised by name => EMark(MkPerceusDup)
emit_shared.kai	869	fv_name	lit	==	M	Perceus ret binders recognised by name => EMark(MkPcsRet)
emit_shared.kai	870	fv_name	lit	==	M	Perceus ret binders recognised by name => EMark(MkPcsRet)
emit_shared.kai	897	fv_expr	arm	EVar	X	free-name capture tests global scope by name => scope keyed by SymId
emit_shared.kai	901	fv_expr	arm	ESym	X	free-name capture tests global scope by name => scope keyed by SymId
emit_shared.kai	1357	collect_expr	arm	EHandle	E	handler effect spelling carried to clause info; sym travels alongside
emit_shared.kai	1801	bang_success_variant	arm	TyCon	X	core Option/Result tested, ctor returned as string => return ctor SymId
emit_shared.kai	1900	ffi_fixed_of_name	lit	==	X	fixed-width FFI type by name => compare TyRef SymId to core type
emit_shared.kai	1901	ffi_fixed_of_name	lit	==	X	fixed-width FFI type by name => compare TyRef SymId to core type
emit_shared.kai	1902	ffi_fixed_of_name	lit	==	X	fixed-width FFI type by name => compare TyRef SymId to core type
emit_shared.kai	1903	ffi_fixed_of_name	lit	==	X	fixed-width FFI type by name => compare TyRef SymId to core type
emit_shared.kai	1904	ffi_fixed_of_name	lit	==	X	fixed-width FFI type by name => compare TyRef SymId to core type
emit_shared.kai	1905	ffi_fixed_of_name	lit	==	X	fixed-width FFI type by name => compare TyRef SymId to core type
emit_shared.kai	1906	ffi_fixed_of_name	lit	==	X	fixed-width FFI type by name => compare TyRef SymId to core type
emit_shared.kai	1907	ffi_fixed_of_name	lit	==	X	fixed-width FFI type by name => compare TyRef SymId to core type
emit_shared.kai	1908	ffi_fixed_of_name	lit	==	X	fixed-width FFI type by name => compare TyRef SymId to core type
emit_shared.kai	1986	ffi_kind_of_ty	arm	TyName	X	FFI kind by builtin type name => compare TyRef SymId to core type
emit_shared.kai	1987	ffi_kind_of_ty	lit	==	X	FFI kind by builtin type name => compare TyRef SymId to core type
emit_shared.kai	1988	ffi_kind_of_ty	lit	==	X	FFI kind by builtin type name => compare TyRef SymId to core type
emit_shared.kai	1989	ffi_kind_of_ty	lit	==	X	FFI kind by builtin type name => compare TyRef SymId to core type
emit_shared.kai	1990	ffi_kind_of_ty	lit	==	X	FFI kind by builtin type name => compare TyRef SymId to core type
emit_shared.kai	1991	ffi_kind_of_ty	lit	==	X	FFI kind by builtin type name => compare TyRef SymId to core type
emit_shared.kai	1992	ffi_kind_of_ty	lit	==	X	FFI kind by builtin type name => compare TyRef SymId to core type
emit_shared.kai	2276	stdlib_head_tag_int	lit	==	X	head tag by builtin type name => tag table keyed by type SymId
emit_shared.kai	2277	stdlib_head_tag_int	lit	==	X	head tag by builtin type name => tag table keyed by type SymId
emit_shared.kai	2278	stdlib_head_tag_int	lit	==	X	head tag by builtin type name => tag table keyed by type SymId
emit_shared.kai	2279	stdlib_head_tag_int	lit	==	X	head tag by builtin type name => tag table keyed by type SymId
emit_shared.kai	2280	stdlib_head_tag_int	lit	==	X	head tag by builtin type name => tag table keyed by type SymId
emit_shared.kai	2281	stdlib_head_tag_int	lit	==	X	head tag by builtin type name => tag table keyed by type SymId
emit_shared.kai	2282	stdlib_head_tag_int	lit	==	X	head tag by builtin type name => tag table keyed by type SymId
emit_shared.kai	2283	stdlib_head_tag_int	lit	==	X	head tag by builtin type name => tag table keyed by type SymId
emit_shared.kai	2284	stdlib_head_tag_int	lit	==	X	head tag by builtin type name => tag table keyed by type SymId
emit_shared.kai	2285	stdlib_head_tag_int	lit	==	X	head tag by builtin type name => tag table keyed by type SymId
emit_shared.kai	2286	stdlib_head_tag_int	lit	==	X	head tag by builtin type name => tag table keyed by type SymId
emit_shared.kai	2287	stdlib_head_tag_int	lit	==	X	head tag by builtin type name => tag table keyed by type SymId
emit_shared.kai	2288	stdlib_head_tag_int	lit	==	X	head tag by builtin type name => tag table keyed by type SymId
emit_shared.kai	2289	stdlib_head_tag_int	lit	==	X	head tag by builtin type name => tag table keyed by type SymId
emit_shared.kai	2295	stdlib_proto_id_int	lit	==	X	protocol id by name literal => table keyed by protocol SymId
emit_shared.kai	2296	stdlib_proto_id_int	lit	==	X	protocol id by name literal => table keyed by protocol SymId
emit_shared.kai	2297	stdlib_proto_id_int	lit	==	X	protocol id by name literal => table keyed by protocol SymId
emit_shared.kai	2298	stdlib_proto_id_int	lit	==	X	protocol id by name literal => table keyed by protocol SymId
emit_shared.kai	2299	stdlib_proto_id_int	lit	==	X	protocol id by name literal => table keyed by protocol SymId
emit_shared.kai	2300	stdlib_proto_id_int	lit	==	X	protocol id by name literal => table keyed by protocol SymId
emit_shared.kai	2301	stdlib_proto_id_int	lit	==	X	protocol id by name literal => table keyed by protocol SymId
emit_shared.kai	2302	stdlib_proto_id_int	lit	==	X	protocol id by name literal => table keyed by protocol SymId
emit_shared.kai	2303	stdlib_proto_id_int	lit	==	X	protocol id by name literal => table keyed by protocol SymId
emit_shared.kai	2304	stdlib_proto_id_int	lit	==	X	protocol id by name literal => table keyed by protocol SymId
emit_shared.kai	2305	stdlib_proto_id_int	lit	==	X	protocol id by name literal => table keyed by protocol SymId
emit_shared.kai	2306	stdlib_proto_id_int	lit	==	X	protocol id by name literal => table keyed by protocol SymId
emit_shared.kai	2307	stdlib_proto_id_int	lit	==	X	protocol id by name literal => table keyed by protocol SymId
emit_shared.kai	2308	stdlib_proto_id_int	lit	==	X	protocol id by name literal => table keyed by protocol SymId
emit_shared.kai	2309	stdlib_proto_id_int	lit	==	X	protocol id by name literal => table keyed by protocol SymId
emit_shared.kai	2320	stdlib_proto_op_id_int	lit	==	X	protocol op id by name literal => table keyed by protocol SymId
emit_shared.kai	2322	stdlib_proto_op_id_int	lit	==	X	protocol op id by name literal => table keyed by protocol SymId
emit_shared.kai	2326	stdlib_proto_op_id_int	lit	==	X	protocol op id by name literal => table keyed by protocol SymId
emit_shared.kai	2328	stdlib_proto_op_id_int	lit	==	X	protocol op id by name literal => table keyed by protocol SymId
emit_shared.kai	2330	stdlib_proto_op_id_int	lit	==	X	protocol op id by name literal => table keyed by protocol SymId
emit_shared.kai	2346	variant_head_tag_for_in	lit	==	X	head tag by Some/None/Ok/Err literal => ctor SymId table
emit_shared.kai	2347	variant_head_tag_for_in	lit	==	X	head tag by Some/None/Ok/Err literal => ctor SymId table
emit_shared.kai	2353	os_head_tag	lit	==	X	OS variant head tag by ctor name => ctor SymId table
emit_shared.kai	2354	os_head_tag	lit	==	X	OS variant head tag by ctor name => ctor SymId table
emit_shared.kai	2355	os_head_tag	lit	==	X	OS variant head tag by ctor name => ctor SymId table
emit_shared.kai	2964	map_expr_kind	arm	ERecordLit	P	pass-through rebuild; name not inspected
emit_shared.kai	2973	map_expr_kind	arm	EHandle	P	pass-through rebuild; name not inspected
emit_shared.kai	3053	rewrite_alias_kind	arm	EVar	L	handle alias binder map of the current body
emit_shared.kai	3082	rewrite_alias_kind	arm	EHandle	L	handle alias binder map of the current body
emit_shared.kai	3247	ty_to_string	arm	TyCon	E	type rendered to display/key string for emitters and dumps
emit_shared.kai	3369	es_row_label_names	arm	RL	X	effect label names collected for row rebuild => keep RowLabel SymId
emit_tcrec_live.kai	180	tcl_consumes	arm	EVar	L	consumed binder compared with local name
emit_tcrec_live.kai	198	tcl_consumes_call	arm	EVar	M	tcrec/dup sentinel callee recognised by name => EMark(MkTcrecSentinel)
emit_tcrec_live.kai	239	tcl_jump_scan	arm	EVar	M	tcrec/dup sentinel callee recognised by name => EMark(MkTcrecSentinel)
evidence.kai	190	obl_walk	arm	EVar	X	EVar key parsed as Eff.op and effect looked up by name => key by effect SymId
evidence.kai	216	obl_walk	arm	EHandle	X	handle effect name matched against stack frames by string => compare Label sym
evidence.kai	360	obl_param_cap_eff	arm	TyName	X	TyName looked up in effect decls by name => read TyRef effect SymId
evidence_inject.kai	268	evi_distinct_labels	arm	RL	X	counts distinct row labels by name string => dedupe by Label sym
evidence_scan.kai	47	obl_body_handles	arm	EHandle	X	handle effect name compared to eff string => compare EHandle SymId
evidence_scan.kai	163	obl_collect_aliases	arm	EHandle	X	handle effect name compared to eff string => compare EHandle SymId
exhaust_head.kai	21	xh_head	arm	PVariant	X	ctor head key built from variant name => key by ctor SymId
exhaust_head.kai	22	xh_head	arm	PVariantRecord	X	ctor head key built from variant name => key by ctor SymId
extern_fn_dup.kai	109	ffi_ty_display	arm	TyName	X	type identity of extern signature compared by rendered name => compare TyRef SymIds
extern_fn_dup.kai	110	ffi_ty_display	arm	TyName	X	type identity of extern signature compared by rendered name => compare TyRef SymIds
extern_fn_types.kai	62	boundary_ok	arm	TyName	X	reads TyName to decide FFI boundary legality => compare TyRef to core/extern ids
extern_fn_types.kai	63	boundary_ok	lit	==	X	tests type name == "Unit" => compare TyRef to core_ty_sym(Unit)
extern_fn_types.kai	70	is_scalar_name	lit	==	X	scalar type names tested by string => compare TyRef to core ids
extern_fn_types.kai	71	is_scalar_name	lit	==	X	scalar type names tested by string => compare TyRef to core ids
extern_fn_types.kai	85	type_surface_name	arm	TyName	D	type rendered in extern diagnostic
extern_fn_types.kai	86	type_surface_name	arm	TyName	D	type rendered in extern diagnostic
ffi_v2.kai	85	ffi_kind_of_ty_reg	arm	TyName	X	extern type registry looked up by name => registry keyed by TyRef SymId
ffi_v2.kai	119	extern_field_c_type	arm	TyName	X	extern type registry looked up by name => registry keyed by TyRef SymId
fixed_vec_match.kai	101	fvm_rest_ann	mint	TyName	X	mints TyName "Vec" by name => TyName carrying core_ty_sym(CtVec)
fmt_chain.kai	138	fmt_pipe_under	lit	==	S	formatter recognises surface pipe placeholder param
fmt_decl.kai	394	fmt_type_decl	acc	rl_names	S	formatter prints row label names
fmt_expr.kai	213	fmt_row_label	arm	RL	S	formatter prints row label as written
fmt_expr.kai	221	fmt_type	arm	TyName	S	formatter prints type name as written
fmt_expr.kai	371	fmt_expr_plain	arm	EVar	S	formatter prints identifier as written
fmt_expr.kai	373	fmt_expr_plain	arm	ESym	S	formatter prints resolved symbol by written name
fmt_expr.kai	406	fmt_expr_plain	arm	ERecordLit	S	formatter prints record literal name
fmt_expr.kai	425	fmt_expr_plain	arm	EHandle	S	formatter prints handle effect name
fmt_expr.kai	439	fmt_expr_plain	arm	EModCall	S	formatter prints module call as written
fmt_expr.kai	1105	fmt_pat	arm	PVariant	S	formatter prints variant pattern as written
fmt_expr.kai	1106	fmt_pat	arm	PVariantRecord	S	formatter prints record variant pattern as written
fmt_expr.kai	1107	fmt_pat	acc	ty_ref_qual	S	formatter prints qualifier and ctor name
fmt_names.kai	49	fmt_row_tail	lit	==	S	formatter strips synthetic row-hole tail prefix
fmt_refine.kai	66	fmt_var_is	arm	EVar	S	formatter matches variable by written name
fmt_refine.kai	77	fmt_callee_is_regex_compile	arm	EModCall	S	formatter recognises regexp.compile_or_panic as written
fmt_shape.kai	98	lam_block_wrap_arm	arm	EVar	S	formatter lambda wrap check on written variable
fmt_shape.kai	120	fmt_placeholder_body	lit	==	S	formatter recognises placeholder param "__pl"
fmt_shape.kai	127	fmt_subst_var	arm	EVar	S	formatter substitutes placeholder variable by written name
fn_index.kai	124	fnx_callee_sig	arm	EModCall	X	qualified callee looked up in fn index by (mod,name) => look up by fn SymId
fnreg.kai	359	body_kind_is_effectful_s	arm	EVar	M	mutable intrinsic recognised by callee name => typed intrinsic node
fnreg.kai	699	resolve_ty	arm	TyName	R	TypeExpr name turned into Ty stamped with SymId
fnreg.kai	700	resolve_ty	lit	==	X	builtin type by written name => compare TyRef SymId to core type
fnreg.kai	701	resolve_ty	lit	==	X	builtin type by written name => compare TyRef SymId to core type
fnreg.kai	702	resolve_ty	lit	==	X	builtin type by written name => compare TyRef SymId to core type
fnreg.kai	703	resolve_ty	lit	==	X	builtin type by written name => compare TyRef SymId to core type
fnreg.kai	704	resolve_ty	lit	==	X	builtin type by written name => compare TyRef SymId to core type
fnreg.kai	705	resolve_ty	lit	==	X	builtin type by written name => compare TyRef SymId to core type
fnreg.kai	706	resolve_ty	lit	==	X	builtin type by written name => compare TyRef SymId to core type
fnreg.kai	708	resolve_ty	lit	==	X	builtin type by written name => compare TyRef SymId to core type
fnreg.kai	714	resolve_ty	lit	==	X	builtin type by written name => compare TyRef SymId to core type
fnreg.kai	732	resolve_ty	mint	TyCon	D	undeclared name minted to trigger unknown-type diagnostic
fnreg.kai	777	row_labels_of_rls	arm	RL	P	pass-through rebuild; name not inspected
fnreg.kai	843	su_expr	arm	EVar	L	binder read recorded for use scan
fwd_inline.kai	91	fwd_prim_of	arm	EVar	X	callee EVar name checked against fn_names list => compare callee SymId to fn decl ids
fwd_inline.kai	111	fwd_args_are_params	arm	EVar	L	compares arg EVar to forwarder's own param name
fwd_inline.kai	149	fwd_callee_prim	arm	EModCall	X	"mod.fn" string key looked up in forwarder table => key by fn SymId
handler_alias.kai	58	expr_mentions	arm	EVar	L	compared with alias binder name
handler_alias.kai	112	canonical_cap_getter	lit	==	X	effect and op compared to Reader/get literals => compare effect SymId
homonym.kai	57	hom_head	arm	TyCon	X	type head name used to group homonym candidates => group by TyCon SymId
homonym.kai	151	hom_retarget_call	arm	EVar	X	call retargeted by name to module-qualified EModCall => stamp ESym with picked SymId
impl_identity.kai	163	kind_renamed	arm	EVar	X	impl renamed by callee name lookup => key renames by impl SymId
index_coll.kai	22	ixc_splice	arm	EVar	M	placeholder variable recognised by name string => typed hole node
infer.kai	126	inf_find_eff_for_alias_op	acc	rl_name	X	looks up op owner by effect name in op table => op table keyed by effect SymId
infer.kai	337	inf_mangle_ty	arm	TyCon	E	builds mangled C-name spelling from type name
infer.kai	447	inf_map_expr_kind	arm	ERecordLit	E	structural rebuild copies name slot, never inspected
infer.kai	456	inf_map_expr_kind	arm	EHandle	E	structural rebuild copies name slot, never inspected
infer.kai	578	is_ffi_fixed_name	lit	==	X	decides fixed-width numeric type by literal name => compare SymId to core_ty_sym ids
infer.kai	579	is_ffi_fixed_name	lit	==	X	decides fixed-width numeric type by literal name => compare SymId to core_ty_sym ids
infer.kai	588	is_fixed_width_name	lit	==	X	decides fixed-width numeric type by literal name => compare SymId to core_ty_sym ids
infer.kai	592	fixed_width_ty_of_name	lit	==	X	decides fixed-width numeric type by literal name => compare SymId to core_ty_sym ids
infer.kai	593	fixed_width_ty_of_name	lit	==	X	decides fixed-width numeric type by literal name => compare SymId to core_ty_sym ids
infer.kai	594	fixed_width_ty_of_name	lit	==	X	decides fixed-width numeric type by literal name => compare SymId to core_ty_sym ids
infer.kai	600	ffi_fixed_ty_of_name	lit	==	X	decides fixed-width numeric type by literal name => compare SymId to core_ty_sym ids
infer.kai	607	inf_resolve_ty	arm	TyName	R	written TyName turned into builtin Ty by name
infer.kai	608	inf_resolve_ty	lit	==	R	written TyName turned into builtin Ty by name
infer.kai	609	inf_resolve_ty	lit	==	R	written TyName turned into builtin Ty by name
infer.kai	610	inf_resolve_ty	lit	==	R	written TyName turned into builtin Ty by name
infer.kai	611	inf_resolve_ty	lit	==	R	written TyName turned into builtin Ty by name
infer.kai	612	inf_resolve_ty	lit	==	R	written TyName turned into builtin Ty by name
infer.kai	613	inf_resolve_ty	lit	==	R	written TyName turned into builtin Ty by name
infer.kai	614	inf_resolve_ty	lit	==	R	written TyName turned into builtin Ty by name
infer.kai	627	inf_resolve_ty	lit	==	R	written TyName turned into builtin Ty by name
infer.kai	633	inf_resolve_ty	lit	==	R	written TyName turned into builtin Ty by name
infer.kai	650	inf_resolve_ty	mint	TyCon	X	sentinel TyCon minted by name => TyCon error node
infer.kai	666	inf_resolve_ty_rk	arm	TyName	R	written TyName turned into builtin Ty by name
infer.kai	692	inf_resolve_row_arg	arm	TyName	R	written TyName turned into builtin Ty by name
infer.kai	708	inf_row_labels_of_rls	arm	RL	E	structural rebuild copies name slot, never inspected
infer.kai	853	inf_ty_eq	arm	TyCon	X	tycon identity decided by name equality beside SymId => compare SymIds only
infer.kai	854	inf_ty_eq	arm	TyCon	X	tycon identity decided by name equality beside SymId => compare SymIds only
infer.kai	902	is_point_free_lambda	lit	==	M	detects point-free lambda by param name __pl => flag on ELambda node
infer.kai	937	inf_ty_head_name	arm	TyCon	X	returns tycon name used for later name-keyed lookup => return type head SymId
infer.kai	1031	inf_ty_to_string_ow	arm	TyCon	D	type/effect name rendered for message or dump
infer.kai	1073	inf_tycon_display_ow	acc	hs_display	D	display spelling of tycon name
infer.kai	1115	inf_ty_to_string	arm	TyCon	D	type/effect name rendered for message or dump
infer.kai	1192	label_to_rl_zero	acc	.eff	E	structural rebuild copies name slot, never inspected
infer.kai	1407	append_labels	acc	.eff	X	effect label identity decided by name string => compare Label.sym
infer.kai	1417	eff_already_in	acc	.eff	X	effect label identity decided by name string => compare Label.sym
infer.kai	1544	record_carrier_t	arm	TyCon	X	pairs record SymId with name for name-keyed lookup => carry SymId only
infer.kai	1983	walk_coverage_expr	arm	EVar	X	op call coverage keyed by written op name => ESym op SymId
infer.kai	2049	walk_coverage_expr	arm	EHandle	X	op call coverage keyed by written op name => ESym op SymId
infer.kai	2598	op_base_of	arm	ESym	X	op base keeps name beside SymId; sym_none for EVar => ESym with op SymId
infer.kai	2599	op_base_of	arm	EVar	X	op base keeps name beside SymId; sym_none for EVar => ESym with op SymId
infer.kai	2969	add_builtin_variant_sigs	mint	TyCon	X	mints core TyCon with literal name beside id => TyCon from core_ty_sym only
infer.kai	2970	add_builtin_variant_sigs	mint	TyCon	X	mints core TyCon with literal name beside id => TyCon from core_ty_sym only
infer.kai	2971	add_builtin_variant_sigs	mint	TyCon	X	mints core TyCon with literal name beside id => TyCon from core_ty_sym only
infer.kai	2972	add_builtin_variant_sigs	mint	TyCon	X	mints core TyCon with literal name beside id => TyCon from core_ty_sym only
infer.kai	3136	canon_uvars_ty	arm	TyCon	E	structural rebuild copies name slot, never inspected
infer.kai	3213	canon_tvars_ty	arm	TyCon	E	structural rebuild copies name slot, never inspected
infer.kai	3309	resolve_ty_with_tparams	arm	TyName	R	written TyName turned into builtin Ty by name
infer.kai	3318	resolve_ty_with_tparams	lit	==	R	written TyName turned into builtin Ty by name
infer.kai	3319	resolve_ty_with_tparams	lit	==	R	written TyName turned into builtin Ty by name
infer.kai	3320	resolve_ty_with_tparams	lit	==	R	written TyName turned into builtin Ty by name
infer.kai	3321	resolve_ty_with_tparams	lit	==	R	written TyName turned into builtin Ty by name
infer.kai	3322	resolve_ty_with_tparams	lit	==	R	written TyName turned into builtin Ty by name
infer.kai	3323	resolve_ty_with_tparams	lit	==	R	written TyName turned into builtin Ty by name
infer.kai	3324	resolve_ty_with_tparams	lit	==	R	written TyName turned into builtin Ty by name
infer.kai	3327	resolve_ty_with_tparams	lit	==	R	written TyName turned into builtin Ty by name
infer.kai	3333	resolve_ty_with_tparams	lit	==	R	written TyName turned into builtin Ty by name
infer.kai	3353	resolve_ty_with_tparams	mint	TyCon	X	sentinel TyCon minted by name => dedicated error type node
infer.kai	3487	cont_row_names	arm	TyName	X	is_cont_name tests continuation type by name => tycon_is on SymId
infer.kai	3489	cont_row_names	arm	TyName	L	implicit type-parameter name candidate
infer.kai	3721	bare_is_core_builtin_variant	lit	==	X	literal Result/Option parent-name compare => compare to core_ty_sym
infer.kai	3804	ty_names	arm	TyCon	X	returns tycon name used for later name-keyed lookup => return type head SymId
infer.kai	3929	collect_rowkind_args_te	arm	TyName	X	row-kind slot table looked up by type name => table keyed by type SymId
infer.kai	3963	collect_rowkind_args_at	arm	TyName	L	type-parameter name of current signature
infer.kai	4041	resolve_ty_with_binds	arm	TyName	R	written TyName turned into builtin Ty by name
infer.kai	4053	resolve_ty_with_binds	lit	==	R	written TyName turned into builtin Ty by name
infer.kai	4054	resolve_ty_with_binds	lit	==	R	written TyName turned into builtin Ty by name
infer.kai	4055	resolve_ty_with_binds	lit	==	R	written TyName turned into builtin Ty by name
infer.kai	4056	resolve_ty_with_binds	lit	==	R	written TyName turned into builtin Ty by name
infer.kai	4057	resolve_ty_with_binds	lit	==	R	written TyName turned into builtin Ty by name
infer.kai	4058	resolve_ty_with_binds	lit	==	R	written TyName turned into builtin Ty by name
infer.kai	4059	resolve_ty_with_binds	lit	==	R	written TyName turned into builtin Ty by name
infer.kai	4062	resolve_ty_with_binds	lit	==	R	written TyName turned into builtin Ty by name
infer.kai	4063	resolve_ty_with_binds	lit	==	R	written TyName turned into builtin Ty by name
infer.kai	4088	resolve_ty_with_binds	mint	TyCon	X	sentinel TyCon minted by name => dedicated error type node
infer.kai	4116	resolve_tycon_arg	arm	TyName	L	type-parameter name of current signature
infer.kai	4239	row_labels_of_rls_with_binds	arm	RL	E	structural rebuild copies name slot, never inspected
infer.kai	4376	collect_implicit_in_typeexpr	arm	TyName	L	type-parameter name of current signature
infer.kai	4553	constructor_type_name	arm	TyName	X	returns tycon name used for later name-keyed lookup => return type head SymId
infer.kai	5735	apply_ty_opt	arm	TyCon	E	structural rebuild copies name slot, never inspected
infer.kai	6421	apply_ty_keep_row_labels	arm	TyCon	E	structural rebuild copies name slot, never inspected
infer.kai	6665	unify_heads	arm	TyCon	X	tycon identity decided by name equality beside SymId => compare SymIds only
infer.kai	6666	unify_heads	arm	TyCon	X	tycon identity decided by name equality beside SymId => compare SymIds only
infer.kai	6692	unify_heads	arm	TyCon	X	tycon identity decided by name equality beside SymId => compare SymIds only
infer.kai	6696	unify_heads	lit	==	X	tycon identity decided by name equality beside SymId => compare SymIds only
infer.kai	6720	unify_heads	arm	TyCon	X	tycon identity decided by name equality beside SymId => compare SymIds only
infer.kai	6721	unify_heads	arm	TyCon	X	tycon identity decided by name equality beside SymId => compare SymIds only
infer.kai	6724	unify_heads	lit	==	X	tycon identity decided by name equality beside SymId => compare SymIds only
infer.kai	6772	shape_witness_of	mint	TyCon	X	shape head tested/minted by literal List => core_ty_sym(CtList)
infer.kai	6773	shape_witness_of	arm	TyCon	E	copies TyCon fields, no inspection
infer.kai	6793	shape_reapply	arm	TyCon	X	shape head tested/minted by literal List => core_ty_sym(CtList)
infer.kai	6794	shape_reapply	arm	TyCon	E	copies TyCon fields, no inspection
infer.kai	7529	st_add_label	acc	.eff	X	effect uses/aliased cells keyed by effect name => key by effect SymId
infer.kai	7550	st_unify_dedup_label	acc	.eff	X	effect uses/aliased cells keyed by effect name => key by effect SymId
infer.kai	7626	label_same	acc	.eff	X	effect label identity decided by name string => compare Label.sym
infer.kai	7629	label_same_id	acc	.eff	X	effect label identity decided by name string => compare Label.sym
infer.kai	7638	label_settle_one	acc	.eff	X	effect label identity decided by name string => compare Label.sym
infer.kai	7707	ty_eq_shape	arm	TyCon	X	tycon identity decided by name equality beside SymId => compare SymIds only
infer.kai	7708	ty_eq_shape	arm	TyCon	X	tycon identity decided by name equality beside SymId => compare SymIds only
infer.kai	8032	callee_display_name	arm	EVar	D	type/effect name rendered for message or dump
infer.kai	8033	callee_display_name	arm	ESym	D	type/effect name rendered for message or dump
infer.kai	8034	callee_display_name	arm	EModCall	D	type/effect name rendered for message or dump
infer.kai	8315	find_mismatched_tycons	arm	TyCon	X	tycon identity decided by name equality beside SymId => compare SymIds only
infer.kai	8316	find_mismatched_tycons	arm	TyCon	X	tycon identity decided by name equality beside SymId => compare SymIds only
infer.kai	8399	tycon_name_or_empty	arm	TyCon	X	returns tycon name used for later name-keyed lookup => return type head SymId
infer.kai	8411	union_upcast_ok	arm	TyCon	X	tycon identity decided by name equality beside SymId => compare SymIds only
infer.kai	8412	union_upcast_ok	arm	TyCon	X	tycon identity decided by name equality beside SymId => compare SymIds only
infer.kai	8460	emit_type_hint	arm	TyCon	X	tycon_is falls back to name when sym absent => tycon_is on SymId only
infer.kai	8830	synth	arm	ESym	X	id lookup keeps name fallback => id-only lookup
infer.kai	8831	synth	arm	EVar	X	env lookup by written name beside SymId => env lookup by SymId
infer.kai	8841	synth	arm	ERecordLit	X	record literal resolved by name via rec_pick => rec table keyed by SymId
infer.kai	8926	synth	arm	EModCall	X	qualified fn looked up by (module,name) => ESym with fn SymId
infer.kai	8972	synth_variants_of	arm	TyCon	X	variant list looked up by type name => variants keyed by type SymId
infer.kai	9046	synth_handle	arm	EHandle	X	handler alias/effect tracked by effect name => key by effect SymId
infer.kai	9709	ty_dischargeable	arm	TyCon	X	tycon identity decided by name equality beside SymId => compare SymIds only
infer.kai	9710	ty_dischargeable	arm	TyCon	X	tycon identity decided by name equality beside SymId => compare SymIds only
infer.kai	9840	synth_bang	arm	TyCon	X	tycon_is falls back to name when sym absent => tycon_is on SymId only
infer.kai	9846	synth_bang	lit	==	X	tycon_is falls back to name when sym absent => tycon_is on SymId only
infer.kai	9870	bang_finish_option	arm	TyCon	X	tycon_is falls back to name when sym absent => tycon_is on SymId only
infer.kai	9898	bang_finish_result	arm	TyCon	X	tycon_is falls back to name when sym absent => tycon_is on SymId only
infer.kai	10202	try_constructor_call	arm	EVar	X	constructor/fn looked up by written name => lookup by ctor/fn SymId
infer.kai	10262	try_record_type_call	arm	EVar	X	record table searched by name (rec_find/rec_pick) => rec table keyed by SymId
infer.kai	10311	try_bare_call_narrow	arm	EVar	X	constructor/fn looked up by written name => lookup by ctor/fn SymId
infer.kai	10661	try_resume_call	arm	EVar	L	continuation name compared to clause binder
infer.kai	10789	try_op_call	arm	RL	X	effect/op looked up by effect name string => op lookup by (effect SymId, op)
infer.kai	10922	try_ref_sugar_op	arm	TyCon	X	tycon_is falls back to name when sym absent => tycon_is on SymId only
infer.kai	10952	record_has_field	arm	TyCon	X	record table searched by name (rec_find/rec_pick) => rec table keyed by SymId
infer.kai	11274	cap_eff_of_var	arm	TyCon	X	effect/op looked up by effect name string => op lookup by (effect SymId, op)
infer.kai	11286	eff_is_cell_effect	lit	==	X	effect/op looked up by effect name string => op lookup by (effect SymId, op)
infer.kai	11296	cap_op_call	acc	.eff	X	effect/op looked up by effect name string => op lookup by (effect SymId, op)
infer.kai	11573	op_callee_carries	arm	EVar	R	stamps known op SymId onto EVar callee
infer.kai	11589	synth_field	arm	TyCon	X	record table searched by name (rec_find/rec_pick) => rec table keyed by SymId
infer.kai	11743	drain_one_deferred_field	arm	TyCon	X	record table searched by name (rec_find/rec_pick) => rec table keyed by SymId
infer.kai	11834	synth_index	arm	TyCon	X	tycon_is falls back to name when sym absent => tycon_is on SymId only
infer.kai	11841	synth_index	arm	TyCon	X	tycon_is falls back to name when sym absent => tycon_is on SymId only
infer.kai	11845	synth_index	mint	mk_ref	X	intrinsic fn minted by literal name => ESym with intrinsic SymId
infer.kai	11848	synth_index	mint	mk_ref	X	intrinsic fn minted by literal name => ESym with intrinsic SymId
infer.kai	11849	synth_index	mint	mk_ref	X	intrinsic fn minted by literal name => ESym with intrinsic SymId
infer.kai	11851	synth_index	mint	mk_ref	X	intrinsic fn minted by literal name => ESym with intrinsic SymId
infer.kai	11858	index_getter	arm	TyCon	X	Map/HashMap collection chosen by literal name => compare SymId to core_ty_sym
infer.kai	11859	index_getter	mint	EModCall	X	Map/HashMap collection chosen by literal name => compare SymId to core_ty_sym
infer.kai	11860	index_getter	mint	mk_ref	X	intrinsic fn minted by literal name => ESym with intrinsic SymId
infer.kai	11861	index_getter	mint	mk_ref	X	intrinsic fn minted by literal name => ESym with intrinsic SymId
infer.kai	11866	coll_home	lit	==	X	Map/HashMap collection chosen by literal name => compare SymId to core_ty_sym
infer.kai	11889	synth_vec_index	mint	mk_ref	X	intrinsic fn minted by literal name => ESym with intrinsic SymId
infer.kai	11896	vec_slice_block	mint	mk_ref	L	temporary binder __slice_lo/__slice_coll bound by pass
infer.kai	11900	vec_slice_block	mint	mk_ref	X	intrinsic fn minted by literal name => ESym with intrinsic SymId
infer.kai	12838	synth_pipe_plain	arm	EVar	X	constructor/fn looked up by written name => lookup by ctor/fn SymId
infer.kai	13071	bare_module_effects	acc	hs_display	D	type/effect name rendered for message or dump
infer.kai	13090	spelled_owner	acc	hs_display	D	type/effect name rendered for message or dump
infer.kai	13163	pipe_rejection_reason	lit	==	X	literal Option/Result/List head-name compare => compare head SymId to core_ty_sym
infer.kai	13168	pipe_rejection_reason	lit	==	X	literal Option/Result/List head-name compare => compare head SymId to core_ty_sym
infer.kai	13359	synth_pipe_dispatch	lit	==	X	literal Option/Result/List head-name compare => compare head SymId to core_ty_sym
infer.kai	13562	fuse_source_is_protocol_seq	lit	==	X	literal Option/Result/List head-name compare => compare head SymId to core_ty_sym
infer.kai	13740	list_has_label	acc	.eff	X	effect label identity decided by name string => compare Label.sym
infer.kai	13758	drop_labels_named	acc	.eff	X	effect label identity decided by name string => compare Label.sym
infer.kai	13934	rhs_is_local_origin	arm	EVar	L	escape set of local binder names in body
infer.kai	14007	rhs_is_inplace_local	arm	EVar	X	array_set op recognised by name => intrinsic SymId
infer.kai	14011	rhs_is_inplace_local	arm	EVar	L	local binder membership
infer.kai	14021	is_inplace_array_op	lit	==	X	builtin array op recognised by name string => intrinsic SymId / Mutable effect SymId
infer.kai	14111	collect_escaped_names_kind	arm	EModCall	M	recognises __proto_ prefix on callee name => typed proto-call node
infer.kai	14168	collect_escaped_via_pipe	arm	EVar	X	is_array_safe_callee tests callee by name => intrinsic SymId
infer.kai	14174	collect_escaped_via_pipe	arm	EVar	L	escaped local binder names
infer.kai	14218	collect_escaped_in_exprs	arm	EVar	L	escape set of local binder names in body
infer.kai	14266	collect_escaped_in_field_inits	arm	EVar	L	escape set of local binder names in body
infer.kai	14276	collect_escaped_in_list_elems	arm	EVar	L	escape set of local binder names in body
infer.kai	14300	labels_contain_mutable	acc	.eff	X	builtin array op recognised by name string => intrinsic SymId / Mutable effect SymId
infer.kai	14310	callee_is_mutable_op	arm	EVar	X	builtin array op recognised by name string => intrinsic SymId / Mutable effect SymId
infer.kai	14348	callee_writes_only_first_arg	arm	EVar	X	builtin array op recognised by name string => intrinsic SymId / Mutable effect SymId
infer.kai	14349	callee_writes_only_first_arg	arm	ESym	X	builtin array op recognised by name string => intrinsic SymId / Mutable effect SymId
infer.kai	14359	arg_is_local_carrier	arm	EVar	L	escaped/local binder name sets
infer.kai	14639	try_lower_decimal_uom_lit	arm	TyCon	X	Decimal type tested/minted by literal name => core_ty_sym Decimal
infer.kai	14642	try_lower_decimal_uom_lit	mint	TyCon	X	Decimal type tested/minted by literal name => core_ty_sym Decimal
infer.kai	14643	try_lower_decimal_uom_lit	mint	TyCon	X	Decimal type tested/minted by literal name => core_ty_sym Decimal
infer.kai	14775	rv_text	arm	TyCon	D	type/effect name rendered for message or dump
infer.kai	14776	rv_text	arm	TyCon	D	type/effect name rendered for message or dump
infer.kai	14900	callee_label	arm	EVar	D	type/effect name rendered for message or dump
infer.kai	14901	callee_label	arm	EModCall	D	type/effect name rendered for message or dump
infer.kai	14902	callee_label	arm	ESym	D	type/effect name rendered for message or dump
infer.kai	14973	ctor_fresh_sig	arm	EVar	X	constructor/fn looked up by written name => lookup by ctor/fn SymId
infer.kai	14977	ctor_fresh_sig	arm	EModCall	X	constructor/fn looked up by written name => lookup by ctor/fn SymId
infer.kai	14985	callee_ctor_name	arm	EVar	X	ctor detected by uppercase first letter => ctor SymId from resolve
infer.kai	14986	callee_ctor_name	arm	EModCall	X	ctor detected by uppercase first letter => ctor SymId from resolve
infer.kai	15039	refine_checked	mint	mk_ref	L	temporary binder __rv bound by pass
infer.kai	15096	synth_mint_decimal	mint	TyCon	X	Decimal type tested/minted by literal name => core_ty_sym Decimal
infer.kai	15208	synth_stmt	arm	EVar	R	ctor ambiguity check on written name
infer.kai	15209	synth_stmt	arm	ESym	R	ctor ambiguity check on written name
infer.kai	15212	synth_stmt	arm	EVar	R	ctor ambiguity check on written name
infer.kai	15213	synth_stmt	arm	ESym	R	ctor ambiguity check on written name
infer.kai	15339	synth_stmt	arm	TyCon	X	Map collection tested by literal name => compare SymId to core_ty_sym
infer.kai	15349	synth_stmt	mint	mk_ref	X	intrinsic fn minted by literal name => ESym with intrinsic SymId
infer.kai	15475	check_pattern	arm	PVariant	X	pattern ctor identified by name => PVariant carrying ctor SymId
infer.kai	15477	check_pattern	arm	PVariantRecord	X	pattern ctor identified by name => PVariant carrying ctor SymId
infer.kai	15529	check_narrow_pattern	arm	TyCon	X	union/exhaustiveness decided by tycon name => tycon SymId
infer.kai	15531	check_narrow_pattern	arm	TyCon	X	union/exhaustiveness decided by tycon name => tycon SymId
infer.kai	15610	check_variant_pattern	arm	TyCon	X	pattern ctor identified by name => PVariant carrying ctor SymId
infer.kai	15719	check_record_pattern	arm	TyCon	X	record table searched by name (rec_find/rec_pick) => rec table keyed by SymId
infer.kai	15829	arm_head_of	arm	PVariant	X	pattern ctor identified by name => PVariant carrying ctor SymId
infer.kai	15830	arm_head_of	arm	PVariantRecord	X	pattern ctor identified by name => PVariant carrying ctor SymId
infer.kai	16074	vec_match_route	arm	TyCon	X	tycon_is falls back to name when sym absent => tycon_is on SymId only
infer.kai	16327	check_expr_against	arm	TyCon	X	tycon_is falls back to name when sym absent => tycon_is on SymId only
infer.kai	16333	check_expr_against	arm	TyCon	X	tycon_is falls back to name when sym absent => tycon_is on SymId only
infer.kai	16393	ctor_check_or_synth	arm	EVar	X	constructor/fn looked up by written name => lookup by ctor/fn SymId
infer.kai	16396	ctor_check_or_synth	arm	TyCon	X	constructor/fn looked up by written name => lookup by ctor/fn SymId
infer.kai	16417	nullary_ctor_check_or_synth	arm	EVar	X	constructor/fn looked up by written name => lookup by ctor/fn SymId
infer.kai	16420	nullary_ctor_check_or_synth	arm	TyCon	X	constructor/fn looked up by written name => lookup by ctor/fn SymId
infer.kai	16524	report_ctor_ambiguity_if_any	lit	==	X	literal Result/Option parent-name compare => compare to core_ty_sym
infer.kai	16585	filter_builtin_parents	lit	==	X	literal Result/Option parent-name compare => compare to core_ty_sym
infer.kai	16639	ty_is_vec_head	arm	TyCon	X	tycon_is falls back to name when sym absent => tycon_is on SymId only
infer.kai	16660	check_vec_lit_against	mint	TyCon	X	Vec type/fn minted by literal name => core_ty_sym / intrinsic SymId
infer.kai	16719	is_fixed_vec_lit	lit	==	M	detects __fixed_vec_lit callee by name => dedicated EVecLit node
infer.kai	16737	fixed_vec_hab	lit	==	X	unit domain compared to literal Int => compare to core_ty_sym(CtInt)
infer.kai	16802	vec_collect_via_list	mint	mk_ref	X	intrinsic fn minted by literal name => ESym with intrinsic SymId
infer.kai	16945	ty_vec_headed	arm	TyCon	X	tycon_is falls back to name when sym absent => tycon_is on SymId only
infer.kai	17050	rewrite_record_alias_pat	arm	PVariantRecord	X	record table searched by name (rec_find/rec_pick) => rec table keyed by SymId
infer.kai	17060	rewrite_record_alias_pat	arm	PVariant	P	pattern rebuild copies name, not inspected
infer.kai	17108	expand_narrow_arms	arm	TyCon	X	union/exhaustiveness decided by tycon name => tycon SymId
infer.kai	17183	variant_name_of_pat	arm	PVariant	X	pattern ctor identified by name => PVariant carrying ctor SymId
infer.kai	17184	variant_name_of_pat	arm	PVariantRecord	X	pattern ctor identified by name => PVariant carrying ctor SymId
infer.kai	17213	extract_return_tycon	arm	TyCon	X	returns tycon name used for later name-keyed lookup => return type head SymId
infer.kai	17216	extract_return_tycon	arm	TyCon	X	returns tycon name used for later name-keyed lookup => return type head SymId
infer.kai	17404	extract_return_tycon_arity	arm	TyCon	X	returns tycon name used for later name-keyed lookup => return type head SymId
infer.kai	17407	extract_return_tycon_arity	arm	TyCon	X	returns tycon name used for later name-keyed lookup => return type head SymId
infer.kai	17512	ty_component_names	arm	TyCon	X	returns tycon name used for later name-keyed lookup => return type head SymId
infer.kai	17590	check_variants_nullary_marked	arm	TyCon	X	variant list looked up by type name => variants keyed by type SymId
infer.kai	17599	check_variants_nullary_marked	arm	TyCon	X	variant list looked up by type name => variants keyed by type SymId
infer.kai	17742	x_ctor_scheme	arm	TyCon	X	union/exhaustiveness decided by tycon name => tycon SymId
infer.kai	17755	x_ctor_ambiguous	lit	==	X	literal Result/Option parent-name compare => compare to core_ty_sym
infer.kai	17796	x_scheme_ret	arm	TyCon	X	returns return-type name for later name compare => return type head SymId
infer.kai	17797	x_scheme_ret	arm	TyCon	X	returns return-type name for later name compare => return type head SymId
infer.kai	17807	check_exhaustive_ctors	arm	TyCon	X	union/exhaustiveness decided by tycon name => tycon SymId
infer.kai	17899	check_union_component	arm	TyCon	X	union/exhaustiveness decided by tycon name => tycon SymId
infer.kai	18075	arms_cover_narrow	arm	TyName	X	union/exhaustiveness decided by tycon name => tycon SymId
infer.kai	18199	print_sig_ids	arm	RL	D	debug dump of signature ids
infer.kai	18214	print_row_ids	acc	.eff	D	debug dump of row ids
infer.kai	18395	extract_row_holes	acc	.eff	D	type/effect name rendered for message or dump
infer.kai	19074	ty_holds_cont	arm	TyCon	X	named type looked up by name for continuation analysis => walk by type SymId
infer.kai	19088	ty_cont_needs_in	arm	TyCon	X	named type looked up by name for continuation analysis => walk by type SymId
infer.kai	19121	ty_expr_find_handle	arm	TyName	X	named type looked up by name for continuation analysis => walk by type SymId
infer.kai	19236	subst_tparams_te	arm	TyName	L	type-parameter name of current signature
infer.kai	19447	test_non_absorbed_labels	acc	.eff	X	effect decided by literal/eff name or name-keyed eff_uses => compare/lookup by effect SymId
infer.kai	19454	label_absorbed	acc	.eff	X	effect decided by literal/eff name or name-keyed eff_uses => compare/lookup by effect SymId
infer.kai	19463	is_parametric_handlerless_stdlib_eff	lit	==	X	effect decided by literal/eff name or name-keyed eff_uses => compare/lookup by effect SymId
infer.kai	19483	check_main_row_handlable	acc	.eff	X	effect decided by literal/eff name or name-keyed eff_uses => compare/lookup by effect SymId
infer.kai	19485	check_main_row_handlable	acc	.eff	X	effect decided by literal/eff name or name-keyed eff_uses => compare/lookup by effect SymId
infer.kai	19490	check_main_row_handlable	acc	.eff	D	effect name rendered for message
infer.kai	19530	check_body_row_label_loop	acc	.eff	X	effect decided by literal/eff name or name-keyed eff_uses => compare/lookup by effect SymId
infer.kai	19590	reject_predicate_effect	acc	.eff	X	effect decided by literal/eff name or name-keyed eff_uses => compare/lookup by effect SymId
infer.kai	19663	report_ambiguous_instance	acc	.eff	X	effect decided by literal/eff name or name-keyed eff_uses => compare/lookup by effect SymId
infer.kai	19729	label_diag_string	acc	.eff	D	type/effect name rendered for message or dump
infer.kai	19744	label_to_string	acc	.eff	D	type/effect name rendered for message or dump
infer_dump.kai	51	tag_of_kind	arm	EVar	D	--dump text of identifier
infer_dump.kai	53	tag_of_kind	arm	ESym	D	--dump text of local symbol
infer_dump.kai	65	tag_of_kind	arm	ERecordLit	D	--dump text of record literal
infer_dump.kai	80	tag_of_kind	arm	EHandle	D	--dump text of handle
infer_dump.kai	84	tag_of_kind	arm	EModCall	D	--dump text of module call
infer_effects_json.kai	53	effects_label_names	arm	RL	D	effect label names for JSON output
infer_effects_json.kai	57	effects_handlers	arm	EHandle	D	handler effect names for JSON output
infer_holes_json.kai	165	json_row_hole_report	acc	.eff	D	row label names for holes JSON
infer_shape_validate.kai	114	validate_shape_refs_te	arm	TyName	L	shape-variable names of the declaration, error on misuse
infer_shape_validate.kai	145	validate_shape_refs_te_list	arm	TyName	L	shape-variable names of the declaration, error on misuse
infer_unit_expr.kai	114	habitant_value_domain	lit	==	D	message hint text from domain string
infer_unit_habitant.kai	17	dim_base_head_name	arm	TyName	X	unit habitant slots looked up by base type name => lookup by type SymId
intervals.kai	304	ival_of_expr	arm	EVar	L	interval env of local binders
json_derive.kai	34	jd_err_arm	mint	PVariant	X	mints Err ctor pattern by name => PVariant with core Err ctor SymId
json_derive.kai	175	jd_of_json_body	mint	PVariant	X	mints Ok ctor pattern by name => PVariant with core Ok ctor SymId
json_derive.kai	207	jd_tower	mint	PVariant	X	mints Ok ctor pattern by name => PVariant with core Ok ctor SymId
json_derive.kai	229	jd_default_read	mint	PVariant	X	mints JNull ctor pattern by name => PVariant with JNull ctor SymId
json_derive.kai	385	jd_sum_of_json_body	mint	PVariant	X	mints Ok ctor pattern by name => PVariant with core Ok ctor SymId
json_derive.kai	399	jd_sum_read_tag	mint	PVariant	X	mints Ok ctor pattern by name => PVariant with core Ok ctor SymId
json_derive.kai	444	jd_variant_decode	mint	PVariant	X	mints Ok ctor pattern by name => PVariant with core Ok ctor SymId
json_derive.kai	469	jd_tuple_decode	mint	PVariant	X	mints Ok ctor pattern by name => PVariant with core Ok ctor SymId
json_derive.kai	482	jd_decode_elem	mint	PVariant	X	mints Ok ctor pattern by name => PVariant with core Ok ctor SymId
json_shape.kai	46	jd_shape_of	arm	TyName	X	reads TyName head to choose JSON shape => dispatch on TyRef SymId
json_shape.kai	47	jd_shape_of	lit	==	X	tests type name == "String" => compare TyRef to core_ty_sym(String)
json_shape.kai	48	jd_shape_of	lit	==	X	tests type name == "Int" => compare TyRef to core_ty_sym(Int)
json_shape.kai	49	jd_shape_of	lit	==	X	tests type name == "Real" => compare TyRef to core_ty_sym(Real)
json_shape.kai	50	jd_shape_of	lit	==	X	tests type name == "Bool" => compare TyRef to core_ty_sym(Bool)
json_shape.kai	51	jd_shape_of	lit	==	X	tests type name == "Option" => compare TyRef to core_ty_sym(Option)
json_shape.kai	52	jd_shape_of	lit	==	X	tests type name == "List" => compare TyRef to core_ty_sym(List)
json_shape.kai	134	jd_reject_why	arm	TyName	X	reads TyName head to pick reject reason by Option/List => compare TyRef SymId
json_shape.kai	135	jd_reject_why	lit	==	X	tests head name against Option/List => compare TyRef to core ids
json_shape.kai	147	jd_arg_reject_why	lit	==	X	tests head name == "Option" => compare TyRef to core_ty_sym(Option)
json_shape.kai	155	jd_head_is	arm	TyName	X	compares TyName head name to given name => compare TyRef SymId
json_shape.kai	161	json_head_name	arm	TyName	D	head type name as written, used for diagnostic text
kinds.kai	149	engine_atoms_for_theory	lit	==	X	theory compared to literal Composition => theory enum
kinds.kai	187	dim_habitant_n	lit	==	X	unit atom domain looked up by name => atom table keyed by SymId
kinds.kai	195	ty_is_fixed_vec	arm	TyCon	X	fixed vec detected via TyCon name/sym pair => tycon_is on SymId only
kir_dump.kai	72	kir_dump_handlers	acc	.eff	D	handler name and sym printed in KIR dump
kir_lower.kai	944	classify_callee	lit	==	M	callee "__perceus_dup" classified by marker string => EMark(MkDup)
kir_lower.kai	955	is_reuse_mark	lit	==	M	reuse marks recognised by "__perceus_reuse_*" spelling => EMark(MkReuse*)
kir_lower_bind.kai	37	bind_pattern_fields	arm	PVariant	X	ctor tag/slot lookup keyed by (home, ctor name) => PVariant carries ctor SymId
kir_lower_bind.kai	173	bind_pattern_fields_any	arm	PVariant	X	ctor slot lookup keyed by (home, ctor name) => PVariant carries ctor SymId
kir_lower_fns.kai	141	check_type_label	arm	TyName	D	type name label in check-spec string and panic text
kir_lower_fns.kai	143	check_type_label	arm	TyName	D	list element type label in check-spec string
kir_lower_fns.kai	566	canon_one_handler	acc	.eff	X	default block found by handler effect name => lookup by h.eff_sym
kir_lower_fns.kai	609	effect_decl_matches	acc	.eff	X	falls back to effect name compare when sym absent => compare eff SymId only
kir_lower_match.kai	290	arm_reuse_call_head	arm	EVar	M	reuse call detected by "__perceus_reuse_" prefix => EMark(MkReuse*)
kir_lower_ptest.kai	20	pt_seal	arm	PVariant	X	ctor ref for tag seal keyed by (home, ctor name) => PVariant carries ctor SymId
kir_lower_ptest.kai	21	pt_seal	arm	PVariantRecord	X	record ctor ref keyed by (home, ctor name) => PVariantRecord ctor SymId
kir_lower_ptest.kai	37	pt_arm_subtests	arm	PVariant	X	ctor ref for subtests keyed by (home, ctor name) => PVariant carries ctor SymId
kir_lower_ptest_seal.kai	73	pt_slot_raw	arm	PVariant	X	enum tag test keyed by (home, ctor name) => PVariant carries ctor SymId
kir_lower_raw.kai	275	kir_intrinsic_is_raw	lit	==	M	"__cell_init" intrinsic recognised by name => typed cell-init node
kir_lower_reuse.kai	39	pat_reuse_nested	arm	PVariant	X	reuse plan reads variant table by (home, ctor name) => ctor SymId key
kir_lower_reuse.kai	52	rn_plan_flat_directs	arm	PVariant	X	slot kinds read from variant table by (home, ctor name) => ctor SymId key
kir_lower_reuse.kai	116	rn_find_nested	arm	PVariant	X	nested ctor found by name; later used for variant lookup => ctor SymId
kir_lower_walk.kai	64	lower_fixed_vec_call	arm	EVar	M	callee EVar tested against "__fixed_vec_*" marker names => typed fixed-vec node
kir_lower_walk.kai	65	lower_fixed_vec_call	lit	==	M	"__fixed_vec_lit" marker name compare => typed fixed-vec node
kir_lower_walk.kai	66	lower_fixed_vec_call	lit	==	M	"__fixed_vec_get" marker name compare => typed fixed-vec node
kir_lower_walk.kai	67	lower_fixed_vec_call	lit	==	M	"__fixed_vec_get_dyn" marker name compare => typed fixed-vec node
kir_lower_walk.kai	137	lower_fixed_vec_read_raw	arm	EVar	M	callee EVar tested against "__fixed_vec_*" marker names => typed fixed-vec node
kir_lower_walk.kai	138	lower_fixed_vec_read_raw	lit	==	M	"__fixed_vec_get" marker name compare => typed fixed-vec node
kir_lower_walk.kai	139	lower_fixed_vec_read_raw	lit	==	M	"__fixed_vec_get_dyn" marker name compare => typed fixed-vec node
kir_lower_walk.kai	260	fixed_vec_alias_rhs	lit	==	M	"__fixed_vec_lit" marker name compare => typed fixed-vec node
kir_lower_walk.kai	296	lower_expr_boxed_unpadded	arm	EVar	X	var read decides ctor/binder/const/fn by name => EVar carries binder or decl id
kir_lower_walk.kai	297	lower_expr_boxed_unpadded	arm	ESym	X	var read decides ctor/const/fn by name despite SymId => resolve by SymId only
kir_lower_walk.kai	405	lower_expr_boxed_unpadded	arm	EModCall	X	module-qualified value decides const/ctor/fn by name => resolved ESym
kir_lower_walk.kai	418	lower_expr_boxed_unpadded	arm	EHandle	X	handler instance key built from effect name => key from effect SymId
kir_lower_walk.kai	579	lower_expr_raw_kind	arm	EVar	X	var read decides ctor/const/fn by name => EVar carries binder or decl id
kir_lower_walk.kai	659	lower_expr_raw_kind	lit	==	M	"__cell_init" intrinsic recognised by name => typed cell-init node
kir_lower_walk.kai	737	lower_loop_intrinsic	lit	==	M	"__loop_while" intrinsic name compare => typed loop node
kir_lower_walk.kai	738	lower_loop_intrinsic	lit	==	M	"__loop_until" intrinsic name compare => typed loop node
kir_lower_walk.kai	739	lower_loop_intrinsic	lit	==	M	"__loop_repeat" intrinsic name compare => typed loop node
kir_lower_walk.kai	1284	lower_vec_get_field_fused	arm	EVar	X	callee name "vec_get" decides core fn identity => compare callee SymId to core sym
kir_lower_walk.kai	1315	lower_vec_write_rec_fused	arm	EVar	X	callee name "vec_push" decides core fn identity => compare callee SymId to core sym
kir_lower_walk.kai	2415	arm_tag	arm	PVariant	X	variant tag lookup by (home, ctor name) => PVariant carries ctor SymId
kir_lower_walk.kai	2416	arm_tag	arm	PVariantRecord	X	variant tag lookup by (home, ctor name) => PVariantRecord ctor SymId
kir_lower_walk.kai	2548	variant_arm_arity	arm	PVariant	X	slot kinds lookup by (home, ctor name) => ctor SymId key
kir_lower_walk.kai	3005	kir_unw_closure	arm	EVar	L	binder read check of closure variable in current fn
kir_lower_walk.kai	3007	kir_unw_closure	arm	EVar	M	callee "__perceus_dup" marker compare => EMark(MkDup)
kir_lower_walk.kai	3009	kir_unw_closure	arm	EVar	L	binder read check of dup'd local in current fn
kir_lower_walk.kai	3022	lower_call_at	arm	EVar	X	callee name decides ctor/intrinsic/direct call => EVar carries decl id
kir_lower_walk.kai	3023	lower_call_at	arm	ESym	X	callee name decides ctor/intrinsic/direct call despite SymId => dispatch on SymId
kir_lower_walk.kai	3027	lower_call_at	arm	EModCall	X	qualified name decides ctor vs extern fn vs call by name => resolved ESym
kir_lower_walk.kai	3059	ctor_home_of_expr_ty	arm	TyCon	X	ctor home string read from type to pick variant => use TyCon SymId
kir_lower_walk.kai	3197	lower_reuse	lit	==	M	"__perceus_reuse_record" marker compare => EMark(MkReuseRecord)
kir_lower_walk.kai	3203	reuse_kind_of	lit	==	M	"__perceus_reuse_cons" marker compare => EMark(MkReuseCons)
kir_lower_walk.kai	3222	lower_reuse_rebuild	arm	EVar	X	ctor name taken from EVar for variant lookup => ctor SymId
kir_lower_walk.kai	3223	lower_reuse_rebuild	arm	EModCall	X	ctor name taken from EModCall for variant lookup => ctor SymId
kir_lower_walk.kai	3496	donor_ctor_name	arm	EVar	X	ctor detected by uppercase-initial name heuristic => ctor SymId
kir_lower_walk.kai	3497	donor_ctor_name	arm	EModCall	X	ctor detected by uppercase-initial name heuristic => ctor SymId
kir_lower_walk.kai	3512	donate_ctor_name	arm	EVar	X	ctor detected by uppercase-initial name heuristic => ctor SymId
kir_lower_walk.kai	3513	donate_ctor_name	arm	EModCall	X	ctor detected by uppercase-initial name heuristic => ctor SymId
kir_lower_walk.kai	3599	expr_is_ctor_call	arm	EVar	X	ctor detected by uppercase-initial name heuristic => ctor SymId
kir_lower_walk.kai	3600	expr_is_ctor_call	arm	EModCall	X	ctor detected by uppercase-initial name heuristic => ctor SymId
kir_lower_walk.kai	3702	lower_enum_slot_arg	arm	EVar	X	nullary ctor found by name in variant table => ctor SymId key
kir_lower_walk.kai	3973	trmc_cname_is_cons	lit	==	M	"__kai_cons" TRMC spelling compare => typed cons marker
kir_lower_walk.kai	4012	trmc_apply_leaf_reuses_scr	lit	==	M	"__perceus_reuse_variant" marker compare => EMark(MkReuseVariant)
kir_pat_alias.kai	63	pab_pat	arm	PVariant	X	slot kinds lookup by (home, ctor name) => ctor SymId key
kir_pat_alias.kai	101	pat_direct_alias_slots	arm	PVariant	X	slot kinds lookup by (home, ctor name) => ctor SymId key
kir_pat_alias.kai	154	pat_unbound_ptr_slots	arm	PVariant	X	slot kinds lookup by (home, ctor name) => ctor SymId key
kir_varslot.kai	55	kvs_canonical_sites	acc	.eff	X	handler effect compared to literal "State" => compare eff_sym to core State sym
kir_varslot.kai	198	kvs_unaliased_stmts	lit	==	X	perform effect key compared to literal "State" => compare eff SymId to core State sym
kir_varslot.kai	199	kvs_unaliased_stmts	lit	==	X	perform effect key compared to literal "State" => compare eff SymId to core State sym
kir_varslot.kai	226	kvs_cell_op_ok	lit	==	M	planted "get@" cell op name and "State" literal => typed cell op
kir_varslot.kai	227	kvs_cell_op_ok	lit	==	M	planted "set@" cell op name and "State" literal => typed cell op
law_checks.kai	93	lc_wants_checks	lit	==	X	theory compared to literal Functorial => theory enum
law_checks.kai	168	lc_te_is_tparam	arm	TyName	L	type-parameter binder name compared
law_checks.kai	178	lc_te_is_head	arm	TyName	X	impl head type compared by name string => compare TyRef SymId to head
law_checks.kai	179	lc_te_is_head	lit	==	X	impl head type compared by name string => compare TyRef SymId to head
layout_derive.kai	163	ld_tower	mint	PVariant	X	mints Some ctor pattern by name => PVariant with core Some ctor SymId
layout_derive.kai	165	ld_tower	mint	PVariant	X	mints None ctor pattern by name => PVariant with core None ctor SymId
layout_derive.kai	180	ld_ok_cursor	mint	ERecordLit	X	mints record literal "BinCursor" by name => ERecordLit with BinCursor TyRef
layout_synth.kai	52	layout_field_of	arm	TyName	X	reads TyName head to pick layout width => dispatch on TyRef SymId
layout_synth.kai	82	layout_width_of	lit	==	X	tests type name == "U8" => compare TyRef to core_ty_sym(U8)
layout_synth.kai	83	layout_width_of	lit	==	X	tests type name == "U16" => compare TyRef to core_ty_sym(U16)
layout_synth.kai	84	layout_width_of	lit	==	X	tests type name == "U32" => compare TyRef to core_ty_sym(U32)
layout_synth.kai	85	layout_width_of	lit	==	X	tests type name == "U64" => compare TyRef to core_ty_sym(U64)
layout_validate.kai	29	layout_reject_of	arm	TyName	X	reads TyName head to classify layout field => compare TyRef SymId
layout_validate.kai	59	layout_is_unsigned_head	lit	==	X	tests head name against U8/U16/U32/U64 => compare TyRef to core ids
layout_validate.kai	62	layout_is_signed_head	lit	==	X	tests head name against I8/I16/I32/I64 => compare TyRef to core ids
layout_validate.kai	67	layout_head_name	arm	TyName	D	head type name as written, used for diagnostic text
lint.kai	200	expr_introduces_effect	arm	EVar	X	effect op recognised by uppercase-dotted name => op carries effect SymId
lint.kai	201	expr_introduces_effect	arm	ESym	X	effect op recognised by uppercase-dotted name despite SymId => use SymId
lint.kai	245	is_known_pure_var	arm	EVar	X	effect op recognised by uppercase-dotted name => op carries effect SymId
lint.kai	246	is_known_pure_var	arm	ESym	X	effect op recognised by uppercase-dotted name despite SymId => use SymId
lint_combinator.kai	30	ty_is_option	arm	TyCon	X	type name compared to literal "Option" => compare TyCon sym to core Option sym
lint_combinator.kai	117	some_bind	arm	PVariant	X	ctor name compared to literal "Some" => ctor SymId vs core Some
lint_combinator.kai	143	is_none_pat	arm	PVariant	X	ctor name compared to literal "None" => ctor SymId vs core None
lint_combinator.kai	159	is_var	arm	EVar	L	var compared to pattern-bound binder name
lint_combinator.kai	160	is_var	arm	ESym	L	var compared to pattern-bound binder name
lint_combinator.kai	169	is_none_expr	arm	EModCall	X	module "Option" and ctor "None" literal compare => ctor SymId vs core None
lint_combinator.kai	170	is_none_expr	arm	EVar	X	ctor name compared to literal "None" => ctor SymId vs core None
lint_combinator.kai	171	is_none_expr	arm	ESym	X	ctor name compared to literal "None" => ctor SymId vs core None
lint_combinator.kai	188	mo_is_some_ctor	arm	EModCall	X	module "Option" and ctor "Some" literal compare => ctor SymId vs core Some
lint_combinator.kai	189	mo_is_some_ctor	arm	EVar	X	ctor name compared to literal "Some" => ctor SymId vs core Some
lint_combinator.kai	190	mo_is_some_ctor	arm	ESym	X	ctor name compared to literal "Some" => ctor SymId vs core Some
lint_deadcode.kai	98	name_here	arm	EVar	X	referenced names collected to decide which decls are used => collect SymIds
lint_deadcode.kai	99	name_here	arm	ESym	X	referenced names collected to decide which decls are used => collect SymIds
lint_deadcode.kai	100	name_here	arm	EModCall	X	referenced names collected to decide which decls are used => collect SymIds
lint_effects.kai	63	fx_finding	lit	==	X	effect name compared to literal "Ffi" => compare effect SymId to core Ffi
lint_effects.kai	89	row_label_names	arm	RL	X	row labels reduced to effect names for set compare => compare label SymIds
lint_effects.kai	109	effects_here	arm	EVar	X	effect derived from op name prefix => op carries effect SymId
lint_effects.kai	110	effects_here	arm	ESym	X	effect derived from op name prefix => op carries effect SymId
lint_effects.kai	112	effects_here	arm	EHandle	X	handled effect collected as name for set compare => collect effect SymId
lint_effects.kai	168	label_eff	acc	.eff	X	label effect name used for set membership => use Label.sym
lint_idiom.kai	136	pf_receiver	arm	EVar	L	receiver compared to lambda parameter name
lint_idiom.kai	137	pf_receiver	arm	ESym	L	receiver compared to lambda parameter name
lint_idiom.kai	173	is_some_ctor	arm	EVar	X	callee name compared to literal "Some" => ctor SymId vs core Some
lint_idiom.kai	174	is_some_ctor	arm	ESym	X	callee name compared to literal "Some" => ctor SymId vs core Some
lint_idiom.kai	211	callee_named	arm	EModCall	X	callee name compared to given fn name ("map","filter") => compare callee SymId to core sym
lint_idiom.kai	213	callee_named	arm	EVar	X	callee name compared to given fn name => compare callee SymId to core sym
lint_idiom.kai	214	callee_named	arm	ESym	X	callee name compared to given fn name => compare callee SymId to core sym
lint_idiom.kai	247	mentions	arm	EVar	L	closure param mention check by binder name
lit_mint.kai	58	mint_int	arm	TyCon	X	literal carrier chosen by type name string => dispatch on carrier SymId
lit_mint.kai	63	mint_int_carrier	lit	==	X	literal carrier chosen by type name string => dispatch on carrier SymId
lit_mint.kai	64	mint_int_carrier	lit	==	X	literal carrier chosen by type name string => dispatch on carrier SymId
lit_mint.kai	65	mint_int_carrier	lit	==	X	literal carrier chosen by type name string => dispatch on carrier SymId
lit_mint.kai	78	mint_big_int	arm	TyCon	X	literal carrier chosen by type name string => dispatch on carrier SymId
lit_mint.kai	83	mint_big_carrier	lit	==	X	literal carrier chosen by type name string => dispatch on carrier SymId
lit_mint.kai	84	mint_big_carrier	lit	==	X	literal carrier chosen by type name string => dispatch on carrier SymId
lit_mint.kai	85	mint_big_carrier	lit	==	X	literal carrier chosen by type name string => dispatch on carrier SymId
lit_mint.kai	98	mint_point	arm	TyCon	X	literal carrier chosen by type name string => dispatch on carrier SymId
lit_mint.kai	110	mint_point_carrier	lit	==	X	literal carrier chosen by type name string => dispatch on carrier SymId
lit_mint.kai	111	mint_point_carrier	lit	==	X	literal carrier chosen by type name string => dispatch on carrier SymId
lit_mint.kai	133	carrier_sym	arm	TyCon	X	carrier sym lent when TyCon name equals string => compare TyCon SymId
lit_mint.kai	149	mk_decimal_lit	mint	ERecordLit	X	mints Decimal/BigInt type or record by name => core TyCon/TyRef with core SymId
lit_mint.kai	150	mk_decimal_lit	mint	TyCon	X	mints Decimal/BigInt type or record by name => core TyCon/TyRef with core SymId
lit_mint.kai	159	mk_decimal_big_lit	mint	ERecordLit	X	mints Decimal/BigInt type or record by name => core TyCon/TyRef with core SymId
lit_mint.kai	160	mk_decimal_big_lit	mint	TyCon	X	mints Decimal/BigInt type or record by name => core TyCon/TyRef with core SymId
lit_mint.kai	164	mk_bigint_lit	mint	TyCon	X	mints Decimal/BigInt type or record by name => core TyCon/TyRef with core SymId
lit_mint.kai	171	mk_bigint_call	mint	EModCall	X	mints EModCall to from_literal by name => ESym of from_literal fn
live_fns.kai	97	lf_expr	arm	EVar	X	reachability keyed by name => live set keyed by decl SymId
live_fns.kai	98	lf_expr	arm	ESym	X	reachability keyed by name => live set keyed by decl SymId
live_fns.kai	99	lf_expr	arm	EModCall	X	reachability keyed by name => live set keyed by decl SymId
loop_lower.kai	30	is_loop_intrinsic	lit	==	M	loop intrinsics recognised by "__loop_*" names => typed loop node
loop_lower.kai	206	ll_kind	arm	ERecordLit	P	record type ref and name carried through rebuild unchanged
loop_lower.kai	207	ll_kind	arm	EHandle	P	handled effect name carried through rebuild unchanged
loop_lower.kai	240	ll_callee_base	arm	EVar	X	loop combinator recognised by base name and scope check => resolved SymId of loop fn
loop_lower.kai	242	ll_callee_base	arm	EModCall	X	module "loop" literal and base name decide loop combinator => compare callee SymId
loop_lower.kai	244	ll_callee_base	arm	EVar	X	receiver "loop" literal decides loop combinator => compare callee SymId
marks.kai	36	mark_of_name	lit	==	M	"__fuse_missing" spelling to mark => EMark(MkFuseMissing)
marks.kai	37	mark_of_name	lit	==	M	"__pcs_scr" spelling to mark => EMark(MkScrutinee)
marks.kai	38	mark_of_name	lit	==	M	"__perceus_guard_drop" spelling to mark => EMark(MkGuardDrop)
marks.kai	39	mark_of_name	lit	==	M	"__perceus_borrow" spelling to mark => EMark(MkBorrow)
marks.kai	40	mark_of_name	lit	==	M	"__perceus_apply_borrow" spelling to mark => EMark(MkApplyBorrow)
marks.kai	41	mark_of_name	lit	==	M	"__kai_trmc_apply" spelling to mark => EMark(MkTrmcApply)
marks.kai	42	mark_of_name	lit	==	M	"__perceus_owned_borrow" spelling to mark => EMark(MkOwnedBorrow)
marks.kai	43	mark_of_name	lit	==	M	"__perceus_drop" spelling to mark => EMark(MkDrop)
migrate_types.kai	26	mig_tykind	arm	TyName	S	migrate rewrite of written surface syntax
migrate_types.kai	27	mig_tykind	lit	==	S	migrate rewrite of written surface syntax
migrate_types.kai	28	mig_tykind	mint	TyName	S	migrate rewrite of written surface syntax
migrate_types.kai	57	mig_row_label	arm	RL	S	migrate rewrite of written surface syntax
migrate_types.kai	119	mig_tykind_flips	arm	TyName	S	migrate rewrite of written surface syntax
migrate_types.kai	132	result_here	lit	==	S	migrate rewrite of written surface syntax
migrate_walk.kai	33	call_mod_method	arm	EModCall	S	migrate rewrite of written surface syntax
migrate_walk.kai	38	call_mod_method_field	arm	EVar	S	migrate rewrite of written surface syntax
migrate_walk.kai	76	mig_expr	arm	ERecordLit	S	migrate rebuild of surface node
migrate_walk.kai	83	mig_expr	arm	EHandle	S	migrate rebuild of surface node
missing_export.kai	65	mexp_expr	arm	EModCall	D	module member export lookup only produces diagnostic
module_table.kai	218	home_path_loop	lit	==	X	decodes "__" separators in home spelling => home as structured path
modules.kai	415	qualtype_te	arm	TyName	R	splits dotted type name and resolves member via module table, stamps TyRef
modules.kai	424	qualtype_te	mint	TyName	M	"__qualtype_bad__" sentinel TyName forcing typer failure => typed error type node
modules.kai	432	qualtype_te	mint	TyName	M	"__qualtype_bad__" sentinel TyName forcing typer failure => typed error type node
modules.kai	477	qualtype_rls	arm	RL	P	passthrough: row label rebuilt with qualified type args
modules.kai	576	qualtype_expr_kind_at	arm	ERecordLit	R	splits dotted record name and resolves member via module table, stamps TyRef
modules.kai	584	qualtype_expr_kind_at	mint	ERecordLit	M	"__qualtype_bad__" sentinel record name => typed error expr node
modules.kai	592	qualtype_expr_kind_at	mint	ERecordLit	M	"__qualtype_bad__" sentinel record name => typed error expr node
modules.kai	615	qualtype_expr_kind	arm	EHandle	P	passthrough: handle rebuilt with qualified type args
modules.kai	662	qualtype_expr_kind	arm	ERecordLit	P	passthrough: ERecordLit rebuilt with qualified fields
modules.kai	737	qualtype_pat	arm	PVariant	P	passthrough: PVariant rebuilt with qualified subpatterns
modules.kai	740	qualtype_pat	arm	PVariantRecord	P	passthrough: PVariantRecord rebuilt with qualified fields
modules.kai	899	qtchk_te	arm	TyName	R	counts dotted type names not exported by module table
modules.kai	1123	unstable_check_expr	arm	EModCall	D	unstable-export warning text only
modules.kai	1336	rqc_habitant_qualifier	arm	EVar	R	resolves EVar qualifier against module table and locals
modules.kai	1351	rqc_kind	arm	EVar	R	resolves EField(EVar mod) against locals and module table, incl. bit intrinsic
modules.kai	1419	rqc_kind	arm	EHandle	P	passthrough: handle alias scoping, effect name untouched
modules.kai	1487	rqc_kind	arm	ERecordLit	P	passthrough: ERecordLit rebuilt with resolved fields
modules.kai	1557	rqc_pat	arm	PVariant	R	resolves pattern constructor qualifier via module table
modules.kai	1565	rqc_pat	arm	PVariantRecord	R	resolves record pattern qualifier via module table
modules.kai	1566	rqc_pat	acc	ty_ref_qual	R	reads TyRef qualifier of variant-record pattern for module lookup
modules.kai	1987	pqchk_pat	arm	PVariant	R	checks pattern qualifier against module table
modules.kai	1994	pqchk_pat	arm	PVariantRecord	R	checks record pattern qualifier against module table
modules.kai	1995	pqchk_pat	acc	ty_ref_qual	R	reads TyRef qualifier for module-table check
monomorph.kai	145	mono_map_expr_kind	arm	ERecordLit	P	passthrough: map over expr kinds rebuilds ERecordLit unchanged
monomorph.kai	154	mono_map_expr_kind	arm	EHandle	P	passthrough: map over expr kinds rebuilds EHandle, effect name untouched
monomorph.kai	264	mono_mangle_ty	arm	TyCon	E	mangled C spelling of already-decided type name
monomorph.kai	368	mono_ty_to_string	arm	TyCon	D	type string used only in leak/error message text
monomorph.kai	1368	lookup_poly_fn_at	arm	EModCall	X	derives fn SymId from (module, name) strings => EModCall resolved to ESym
monomorph.kai	1620	ty_eq_bare	arm	TyCon	X	destructures TyCon name to compare by name => compare TyCon SymId only
monomorph.kai	1621	ty_eq_bare	arm	TyCon	X	compares TyCon names alongside sym_compat => compare SymId only
monomorph.kai	1894	subst_ty	arm	TyCon	P	passthrough: substitution rebuilds TyCon with same name and id
monomorph.kai	2085	retarget_self_calls_kind	arm	EVar	X	bare EVar callee compared to specialised fn name => compare callee SymId
monomorph.kai	2123	rsc_is_self	arm	ESym	X	ESym falls back to name compare when id unset => compare SymId only
monomorph.kai	2129	rsc_is_self	arm	EVar	X	EVar name compared to orig_name => compare callee SymId
monomorph.kai	2231	discover_new_tuples_expr	arm	EVar	X	bare-name call seeds specialisation tuple by name => key tuples by fn SymId
monomorph.kai	2238	discover_new_tuples_expr	arm	EModCall	X	qualified call looked up in poly table by (mod,name) => key by fn SymId
monomorph.kai	2460	sym_call_mo	arm	ESym	X	shared-name test on ESym name picks poly module => look up by SymId owner
monomorph.kai	2534	rewrite_callsites_kind_sm	arm	EVar	X	bare-name call rewritten via name-keyed poly table => key by fn SymId
monomorph.kai	2535	rewrite_callsites_kind_sm	arm	EModCall	X	qualified call rewritten via name-keyed poly table => key by fn SymId
monomorph.kai	2769	ty_to_typeexpr	mint	TyName	X	mints TyName "Int" with no ref => TyName with core_ty_sym(Int)
monomorph.kai	2770	ty_to_typeexpr	mint	TyName	X	mints TyName "Real" with no ref => TyName with core_ty_sym(Real)
monomorph.kai	2771	ty_to_typeexpr	mint	TyName	X	mints TyName "Bool" with no ref => TyName with core_ty_sym(Bool)
monomorph.kai	2772	ty_to_typeexpr	mint	TyName	X	mints TyName "String" with no ref => TyName with core_ty_sym(String)
monomorph.kai	2773	ty_to_typeexpr	mint	TyName	X	mints TyName "Char" with no ref => TyName with core_ty_sym(Char)
monomorph.kai	2774	ty_to_typeexpr	mint	TyName	X	mints TyName "Unit" with no ref => TyName with core_ty_sym(Unit)
monomorph.kai	2775	ty_to_typeexpr	mint	TyName	X	mints TyName "Byte" with no ref => TyName with core_ty_sym(Byte)
monomorph.kai	2776	ty_to_typeexpr	mint	TyName	X	mints TyName "Int32" with no ref => TyName with core_ty_sym(Int32)
monomorph.kai	2777	ty_to_typeexpr	mint	TyName	X	mints TyName "UInt32" with no ref => TyName with core_ty_sym(UInt32)
monomorph.kai	2778	ty_to_typeexpr	mint	TyName	X	mints TyName "UInt64" with no ref => TyName with core_ty_sym(UInt64)
monomorph.kai	2779	ty_to_typeexpr	mint	TyName	X	mints TyName "Int128" with no ref => TyName with core_ty_sym(Int128)
monomorph.kai	2780	ty_to_typeexpr	mint	TyName	X	mints TyName "Handle" with no ref => TyName with core_ty_sym(Handle)
monomorph.kai	2781	ty_to_typeexpr	mint	TyName	X	mints TyName "Any" with no ref => TyName with core_ty_sym(Any)
monomorph.kai	2784	ty_to_typeexpr	arm	TyCon	P	passthrough: TyCon converted to TyName keeping name and csym
monomorph.kai	2785	ty_to_typeexpr	mint	TyName	X	mints TyName "Any" for tvar with no ref => TyName with core_ty_sym(Any)
monomorph.kai	2788	ty_to_typeexpr	mint	TyName	X	mints TyName "Any" for shape app with no ref => TyName with core_ty_sym(Any)
monomorph.kai	2801	union_head_tkind	mint	TyName	X	mints TyName "Any" for empty union with no ref => TyName with core_ty_sym(Any)
monomorph.kai	2863	apply_sig_subst_te	arm	TyName	L	signature type-parameter substitution looked up by tparam name
monomorph.kai	2916	subst_label_sig	arm	RL	P	passthrough: row label substitution keeps name and id
monomorph.kai	2922	subst_handle_sig	arm	EHandle	P	passthrough: handle type args substituted, effect name untouched
mutation_callees.kai	24	callee_is_opaque	arm	EVar	X	opaque callee set keyed by name => set of SymIds
mutation_callees.kai	25	callee_is_opaque	arm	ESym	X	opaque callee set keyed by name => set of SymIds
mutation_carriers.kai	54	ty_may_carry_mutation	arm	TyCon	X	carrier records matched by type name => set of TyCon SymIds
mutation_carriers.kai	72	labels_name_mutable	acc	.eff	X	"Mutable" literal compare on label => compare label sym to core effect id
mutation_carriers.kai	79	ty_carries_mutation	arm	TyCon	X	carrier records matched by type name => set of TyCon SymIds
mutation_carriers.kai	107	ty_is_mutable_ref	arm	TyCon	X	head matched by name alongside id via tycon_is => id-only compare
mutation_carriers.kai	140	te_names_mutating	arm	TyName	X	carrier type names in known list => set of TyRef SymIds
mutation_carriers.kai	163	row_labels_name_mutable	arm	RL	X	"Mutable" literal compare on row label => compare label sym to core effect id
name_hidden.kai	21	nh_diag	acc	sym_home	D	import hint in hidden-name diagnostic
name_report.kai	166	nr_effect_decl	acc	hs_display	D	finds effect decl by display name for name report
name_uses.kai	124	nu_ty	arm	TyName	R	classifies written type name against scope tables
name_uses.kai	151	nu_labels	arm	RL	R	classifies written effect label against scope tables
name_uses.kai	170	nu_expr	arm	EVar	R	classifies bare identifier use against scope tables
name_uses.kai	171	nu_expr	arm	ESym	R	classifies resolved symbol use against scope tables
name_uses.kai	173	nu_expr	arm	EVar	R	classifies called identifier against scope tables
name_uses.kai	174	nu_expr	arm	ESym	R	classifies called resolved symbol against scope tables
name_uses.kai	343	nu_const_leaf	arm	EVar	R	resolves bare const to owning module and qualifies it
name_uses.kai	350	nu_const_leaf	arm	EVar	R	resolves qualified const path to module call
ncore_index.kai	90	ni_shapes_object	lit	==	E	env var name filter for cache key, not a declaration
ncore_index.kai	94	ni_debug	lit	==	E	env var name/value test for cache key, not a declaration
parse.kai	967	subst_placeholder_kind	arm	ERecordLit	P	passthrough: placeholder substitution rebuilds ERecordLit, name untouched
parse.kai	1694	parse_primary	mint	mk_ref	X	mints module ref "complex" by name => ESym of core complex id
parse.kai	2346	parse_region	mint	mk_ref	X	mints callee "region" by name => ESym of core region fn id
parse.kai	2356	parse_region	mint	mk_ref	X	mints callee "region" by name => ESym of core region fn id
parse.kai	2406	parse_ensure_primary	mint	mk_ref	X	mints callee "ensure" by name => ESym of core ensure fn id
parse.kai	2450	parse_regex_sigil	mint	EModCall	X	mints EModCall regexp.compile_or_panic by strings => ESym of that fn id
parse.kai	4571	parse_refinement_predicate	mint	mk_ref	L	mints "self" refinement binder reference, local to predicate
parse.kai	4593	parse_refinement_matches_with	mint	mk_ref	L	mints "self" refinement binder reference, local to predicate
parse.kai	4594	parse_refinement_matches_with	mint	mk_ref	X	mints callee "matches" by name => ESym of core matches fn id
parse.kai	4653	ty_head_takes_habitant	lit	==	S	grammar disambiguation of `<` habitant after Real/Int/Decimal token
parse.kai	4846	te_as_row_label	arm	TyName	S	parses written TyName into row label before resolve
parse.kai	4951	parse_decl	mint	TyName	S	placeholder TyName carrying the pub flag, no identity read
parse.kai	5275	row_label_names_has	arm	RL	X	tests row label name against "Ffi" => compare RL SymId to core Ffi id
parse.kai	5297	is_fixed_width_ffi_name	lit	==	X	literal test for fixed-width FFI type name => compare TyRef to core type ids
parse.kai	5298	is_fixed_width_ffi_name	lit	==	X	literal test for fixed-width FFI type name => compare TyRef to core type ids
parse.kai	5299	is_fixed_width_ffi_name	lit	==	X	literal test for F32 type name => compare TyRef to core type id
parse.kai	5303	is_c_abi_safe_type	arm	TyName	X	reads TyName head to decide C-ABI safety => compare TyRef SymId
parse.kai	5305	is_c_abi_safe_type	lit	==	X	tests type name == "Int" => compare TyRef to core_ty_sym(Int)
parse.kai	5306	is_c_abi_safe_type	lit	==	X	tests type name == "Real" => compare TyRef to core_ty_sym(Real)
parse.kai	5307	is_c_abi_safe_type	lit	==	X	tests type name == "Bool" => compare TyRef to core_ty_sym(Bool)
parse.kai	5308	is_c_abi_safe_type	lit	==	X	tests type name == "Char" => compare TyRef to core_ty_sym(Char)
parse.kai	5309	is_c_abi_safe_type	lit	==	X	tests type name == "String" => compare TyRef to core_ty_sym(String)
parse.kai	5310	is_c_abi_safe_type	lit	==	X	tests type name == "Unit" => compare TyRef to core_ty_sym(Unit)
parse.kai	5374	is_c_field_type	arm	TyName	X	reads TyName head to decide C field type => compare TyRef SymId
parse.kai	5384	is_v1_primitive_name	lit	==	X	primitive type names list for C-field check => compare TyRef to core ids
parse.kai	5385	is_v1_primitive_name	lit	==	X	primitive type names list for C-field check => compare TyRef to core ids
parse.kai	5410	type_surface	arm	TyName	S	renders written TyName for extern diagnostic text
parse.kai	5441	row_labels_surface	arm	RL	S	renders written row label name for surface text
parse.kai	5442	row_labels_surface	arm	RL	S	renders written row label name for surface text
parse.kai	5708	is_known_theory	lit	==	S	builtin theory keyword set at parse
parse.kai	5709	is_known_theory	lit	==	S	builtin theory keyword set at parse
parse.kai	5715	is_protocol_law	lit	==	S	protocol law keyword at parse
parse.kai	5814	is_two_domain_theory	lit	==	S	two-domain theory keyword at parse
parse.kai	5899	parse_kind_introducer	lit	==	S	value-habitant domain keyword check at parse
parse.kai	6953	parse_attr_derive_body	mint	TyName	S	placeholder TyName carrying the pub flag, no identity read
parse.kai	7396	parse_optional_kind_or_bounds	lit	==	S	kind introducer keyword at parse
parse.kai	7397	parse_optional_kind_or_bounds	lit	==	S	kind introducer keyword at parse
parse.kai	7398	parse_optional_kind_or_bounds	lit	==	S	kind introducer keyword at parse
parse.kai	7399	parse_optional_kind_or_bounds	lit	==	S	kind introducer keyword at parse
parse.kai	7510	parse_optional_kind_annotation	lit	==	S	kind annotation keyword at parse
parse.kai	7511	parse_optional_kind_annotation	lit	==	S	kind annotation keyword at parse
parse.kai	7512	parse_optional_kind_annotation	lit	==	S	kind annotation keyword at parse
parse.kai	7513	parse_optional_kind_annotation	lit	==	S	kind annotation keyword at parse
perceus.kai	109	prc_mangle_ty	arm	TyCon	X	mangled TyCon name decides same-shape reuse => compare TyCon SymIds structurally
perceus.kai	278	pcs_is_ffi_opaque_record	lit	==	X	record identified by field name __ffi_handle => FFI-handle flag on decl
perceus.kai	455	pcs_scrut_is_borrowed	arm	EVar	L	local binder or borrowed param compared within body
perceus.kai	474	pcs_wrap_borrow_kind	arm	EVar	L	local binder or borrowed param compared within body
perceus.kai	510	pcs_wrap_borrow_call_kind	arm	EVar	X	borrowed-callee list keyed by function name => borrow map keyed by FnId
perceus.kai	607	pcs_unwrap_dup_var	arm	EVar	L	local binder or borrowed param compared within body
perceus.kai	609	pcs_unwrap_dup_var	arm	EVar	M	recognises __perceus_dup callee by string => EMark(MkDup)
perceus.kai	644	pcs_callee_key	arm	EVar	X	callee key is bare function name => key by callee FnId
perceus.kai	645	pcs_callee_key	arm	EModCall	X	derives fn sym from (module,name) strings => use callee SymId
perceus.kai	682	pcs_arg_is_untracked	arm	EVar	L	local binder or borrowed param compared within body
perceus.kai	693	pcs_arg_is_owned_move	arm	EVar	L	local binder or borrowed param compared within body
perceus.kai	732	pcs_arg_is_fn_ref	arm	ESym	X	core fn recognised by name list => core flag on SymId
perceus.kai	736	pcs_arg_is_fn_ref	arm	EVar	X	core fn recognised by name list => core flag on SymId
perceus.kai	737	pcs_arg_is_fn_ref	arm	EModCall	X	fn lookup by (module,name) => lookup by callee SymId
perceus.kai	831	pcs_param_is_unit	lit	==	X	type identity by literal name Unit => compare to core_ty_sym(CtUnit)
perceus.kai	853	pcs_consumes_expr	arm	EVar	L	local binder or borrowed param compared within body
perceus.kai	858	pcs_consumes_expr	arm	EVar	X	ctor-ness decided by uppercase first letter => ctor class from resolved SymId
perceus.kai	859	pcs_consumes_expr	arm	EModCall	X	ctor-ness decided by uppercase first letter => ctor class from resolved SymId
perceus.kai	944	pcs_consuming_slots_kind	arm	EVar	X	ctor-ness decided by uppercase first letter => ctor class from resolved SymId
perceus.kai	945	pcs_consuming_slots_kind	arm	EModCall	X	ctor-ness decided by uppercase first letter => ctor class from resolved SymId
perceus.kai	985	pcs_consuming_args	arm	EVar	L	local binder or borrowed param compared within body
perceus.kai	1005	pcs_slot_consumers	arm	EVar	X	ctor-ness decided by uppercase first letter => ctor class from resolved SymId
perceus.kai	1006	pcs_slot_consumers	arm	EModCall	X	ctor-ness decided by uppercase first letter => ctor class from resolved SymId
perceus.kai	1238	pcs_fed_kind	mint	EVar	M	plants __pcs_oret/__perceus_dup marker variable by name => EMark node
perceus.kai	1311	pcs_inspected_kind	arm	EVar	L	local binder or borrowed param compared within body
perceus.kai	1316	pcs_inspected_kind	arm	EVar	L	local binder or borrowed param compared within body
perceus.kai	1784	pcs_scr_is_borrowed_var	arm	EVar	L	local binder or borrowed param compared within body
perceus.kai	1848	pcs_try_reuse_arm	arm	PVariant	P	name carried through unchanged or unused; not inspected
perceus.kai	1924	pcs_try_reuse_variant	arm	EVar	X	ctor-ness decided by uppercase first letter => ctor class from resolved SymId
perceus.kai	1944	pcs_try_reuse_variant	arm	EModCall	X	ctor-ness decided by uppercase first letter => ctor class from resolved SymId
perceus.kai	1992	pcs_try_reuse_record	arm	ERecordLit	P	name carried through unchanged or unused; not inspected
perceus.kai	2035	pcs_is_dup_read	arm	EVar	M	recognises __perceus_dup callee by string => EMark(MkDup)
perceus.kai	2036	pcs_is_dup_read	lit	==	M	recognises __perceus_dup callee by string => EMark(MkDup)
perceus.kai	2056	pcs_var_occurs	arm	EVar	L	local binder or borrowed param compared within body
perceus.kai	2144	pcs_rewrite_kind	arm	EVar	L	local binder or borrowed param compared within body
perceus.kai	2147	pcs_rewrite_kind	mint	EVar	M	plants __pcs_oret/__perceus_dup marker variable by name => EMark node
perceus.kai	2157	pcs_rewrite_kind	arm	ESym	P	name carried through unchanged or unused; not inspected
perceus.kai	2200	pcs_rewrite_kind	arm	EHandle	P	name carried through unchanged or unused; not inspected
perceus.kai	2258	pcs_rewrite_kind	arm	ERecordLit	P	name carried through unchanged or unused; not inspected
perceus.kai	2466	pcs_max_paths_b_kind	arm	EVar	L	local binder or borrowed param compared within body
perceus.kai	2596	pcs_arm_tail_ctor_kind	arm	EVar	X	ctor-ness decided by uppercase first letter => ctor class from resolved SymId
perceus.kai	2597	pcs_arm_tail_ctor_kind	arm	EModCall	X	ctor-ness decided by uppercase first letter => ctor class from resolved SymId
perceus.kai	2648	pcs_bac	arm	EVar	L	local binder or borrowed param compared within body
perceus.kai	2668	pcs_callee_name	arm	EVar	X	callee identity returned as bare name => return callee SymId
perceus.kai	2669	pcs_callee_name	arm	EModCall	X	callee identity returned as bare name => return callee SymId
perceus.kai	2704	pcs_bac_args	arm	EVar	L	local binder or borrowed param compared within body
perceus.kai	3143	pcs_arm_cons_overwrite	arm	PVariant	X	ctor identity compared by name string => compare ctor SymIds
perceus.kai	3166	pcs_tails_ctor_kind	arm	EVar	X	ctor identity compared by name string => compare ctor SymIds
perceus.kai	3167	pcs_tails_ctor_kind	arm	EModCall	X	ctor identity compared by name string => compare ctor SymIds
perceus.kai	3209	pcs_slot_simple	arm	EVar	X	ctor-ness decided by uppercase first letter => ctor class from resolved SymId
perceus.kai	3210	pcs_slot_simple	arm	EModCall	X	ctor-ness decided by uppercase first letter => ctor class from resolved SymId
perceus.kai	3229	pcs_smc_kind	arm	EVar	X	ctor-ness decided by uppercase first letter => ctor class from resolved SymId
perceus.kai	3231	pcs_smc_kind	arm	EModCall	X	ctor-ness decided by uppercase first letter => ctor class from resolved SymId
perceus.kai	3315	pcs_consumers_linear_kind	arm	EVar	L	local binder or borrowed param compared within body
perceus.kai	3322	pcs_consumers_linear_kind	arm	EVar	L	local binder or borrowed param compared within body
perceus.kai	3365	pcs_call_consumers_linear	arm	EVar	M	runtime-primitive marks recognised by name => EMark variants
perceus.kai	3389	pcs_call_consumers_linear_via	arm	EVar	M	runtime-primitive marks recognised by name => EMark variants
perceus.kai	3407	pcs_call_consumers_linear_via	arm	EModCall	P	name carried through unchanged or unused; not inspected
perceus.kai	3421	pcs_strip_dup_wrap	arm	EVar	M	recognises __perceus_dup callee by string => EMark(MkDup)
perceus.kai	3422	pcs_strip_dup_wrap	lit	==	M	recognises __perceus_dup callee by string => EMark(MkDup)
perceus.kai	3444	pcs_is_runtime_primitive	lit	==	M	runtime-primitive marks recognised by name => EMark variants
perceus.kai	3445	pcs_is_runtime_primitive	lit	==	M	runtime-primitive marks recognised by name => EMark variants
perceus.kai	3446	pcs_is_runtime_primitive	lit	==	M	runtime-primitive marks recognised by name => EMark variants
perceus.kai	3447	pcs_is_runtime_primitive	lit	==	M	runtime-primitive marks recognised by name => EMark variants
perceus.kai	3448	pcs_is_runtime_primitive	lit	==	M	runtime-primitive marks recognised by name => EMark variants
perceus.kai	3490	pcs_consumed_b_expr	arm	EVar	L	local binder or borrowed param compared within body
perceus.kai	3519	pcs_consumed_b_args	arm	EVar	L	local binder or borrowed param compared within body
perceus.kai	3577	pcs_dup_edits	arm	EVar	M	recognises __perceus_dup callee by string => EMark(MkDup)
perceus.kai	3578	pcs_dup_edits	arm	EVar	L	local binder or borrowed param compared within body
perceus.kai	3579	pcs_dup_edits	lit	==	M	recognises __perceus_dup callee by string => EMark(MkDup)
perceus.kai	3682	pcs_read_roles	arm	EVar	L	local binder or borrowed param compared within body
perceus.kai	4072	pcs_peel_ret_wrap	lit	==	M	__pcs_ret binder recognised by name => EMark(MkPcsRet)
perceus.kai	4194	pcs_pat_elide_kind	arm	PVariant	P	name carried through unchanged or unused; not inspected
perceus.kai	4195	pcs_pat_elide_kind	arm	PVariantRecord	P	name carried through unchanged or unused; not inspected
perceus.kai	4283	pcs_has_bare_read	arm	EVar	L	local binder or borrowed param compared within body
perceus.kai	4285	pcs_has_bare_read	arm	EVar	M	recognises __perceus_dup callee by string => EMark(MkDup)
perceus.kai	4286	pcs_has_bare_read	lit	==	M	recognises __perceus_dup callee by string => EMark(MkDup)
perceus_arg_reads.kai	10	pcs_read_outside_lambda	arm	EVar	L	perceus read/move tracking of local binders
perceus_arg_reads.kai	24	pcs_any_arg_is_var	arm	EVar	L	perceus read/move tracking of local binders
perceus_body_reads.kai	45	pbr_sr	arm	EVar	L	perceus read/move tracking of local binders
perceus_body_reads.kai	115	pbr_rr	arm	EVar	L	perceus read/move tracking of local binders
perceus_branch_pay.kai	58	pbp_reads	arm	EVar	L	perceus read/move tracking of local binders
perceus_branch_plant.kai	45	pbl_plant	arm	EVar	L	perceus read/move tracking of local binders
perceus_branch_plant.kai	172	pbl_dup_reads	arm	EVar	M	plants or recognises perceus marker name => EMark node
perceus_branch_plant.kai	191	pbl_is_dup	arm	EVar	M	plants or recognises perceus marker name => EMark node
perceus_branch_plant.kai	211	pbl_bare	arm	EVar	L	perceus read/move tracking of local binders
perceus_cap.kai	61	pcap_is_cap	arm	TyName	X	capability param decided by type name, name-list fallback => TyRef SymId class NCEffect
perceus_lend_tail.kai	62	plt_is_reuse	arm	EVar	M	plants or recognises perceus marker name => EMark node
perceus_lend_tail.kai	120	plt_scrut_lends	arm	EVar	L	perceus read/move tracking of local binders
perceus_lend_tail.kai	143	plt_names	arm	EVar	L	perceus read/move tracking of local binders
perceus_move_sites.kai	73	pms_ms_args	arm	EVar	L	perceus read/move tracking of local binders
perceus_owned_pos.kai	39	pop_kind	arm	ERecordLit	D	record name passed through unchanged
perceus_owned_pos.kai	70	pop_is_sentinel	arm	EVar	M	__-prefix test recognises perceus sentinel binder => EMark / typed sentinel node
perceus_owned_pos.kai	81	pop_value	arm	EVar	L	perceus read/move tracking of local binders
perceus_owned_pos.kai	98	pop_tail_wrap	arm	EVar	M	__-prefix test recognises perceus sentinel binder => EMark / typed sentinel node
perceus_owned_pos.kai	114	pop_dup	mint	mk_ref	M	plants or recognises perceus marker name => EMark node
perceus_path_move.kai	71	ppm_scr_owned	arm	EVar	L	perceus read/move tracking of local binders
perceus_path_move.kai	96	ppm_is_read	arm	EVar	L	perceus read/move tracking of local binders
perceus_payer.kai	180	pcs_wrap_with_exit	mint	EVar	M	plants or recognises perceus marker name => EMark node
perceus_plant_drop.kai	86	ppd_bind_then	mint	EVar	M	plants or recognises perceus marker name => EMark node
perceus_plant_drop.kai	173	ppd_sole_var	arm	EVar	L	perceus read/move tracking of local binders
perceus_raw_slot.kai	71	prs_is_raw_move	arm	EVar	L	perceus read/move tracking of local binders
perceus_read_walk.kai	47	prt_expr	arm	EVar	L	perceus read/move tracking of local binders
perceus_read_walk.kai	81	prt_boxed_var	arm	EVar	L	perceus read/move tracking of local binders
perceus_read_walk.kai	91	prt_operand	arm	EVar	L	perceus read/move tracking of local binders
perceus_read_walk.kai	96	prt_raw_operand	arm	EVar	L	perceus read/move tracking of local binders
perceus_reads.kai	133	pcs_mentions	arm	EVar	L	perceus read/move tracking of local binders
perceus_reads.kai	166	prc_peel_unit	arm	EVar	X	unit coercion recognised by callee name => EMark(MkUnitCoerce)
perceus_rethread.kai	41	prt_scr_is_param	arm	EVar	L	perceus read/move tracking of local binders
perceus_rethread.kai	106	prt_arg_var	arm	EVar	L	perceus read/move tracking of local binders
perceus_rethread.kai	115	prt_is_dup	arm	EVar	M	plants or recognises perceus marker name => EMark node
perceus_rethread.kai	126	prt_mentions	arm	EVar	L	perceus read/move tracking of local binders
perceus_seg_request.kai	28	psr_is	arm	EVar	L	perceus read/move tracking of local binders
perceus_tail_drop.kai	85	ptd_wrap	mint	EVar	M	plants or recognises perceus marker name => EMark node
pipe_fusion.kai	44	pipe_fusion_callee_is_map	arm	EModCall	X	callee name tested == "map" => compare callee SymId to core list.map
pipe_fusion.kai	45	pipe_fusion_callee_is_map	arm	EVar	X	EVar name == "map" => compare callee SymId to core list.map
pipe_fusion.kai	67	pipe_fusion_labels_pure	acc	.eff	X	label effect name == "Mutable" => compare Label sym to core Mutable id
pipe_fusion.kai	128	pipe_fusion_as_terminal	arm	EModCall	X	qualifier == "list" then terminal by op name => compare callee SymId to list fns
pipe_fusion.kai	129	pipe_fusion_as_terminal	arm	EVar	X	EVar name selects fold terminal by string => compare callee SymId to list fns
pipe_fusion.kai	130	pipe_fusion_as_terminal	arm	ESym	X	derives list fn SymId from name via sym_derive => compare SymId to core list fns
pipe_fusion.kai	133	pipe_fusion_as_terminal	arm	EModCall	X	qualifier == "list" then terminal by op name => compare callee SymId to list fns
pipe_fusion.kai	134	pipe_fusion_as_terminal	arm	EVar	X	EVar name selects fold terminal by string => compare callee SymId to list fns
pipe_fusion.kai	135	pipe_fusion_as_terminal	arm	ESym	X	derives list fn SymId from name via sym_derive => compare SymId to core list fns
pipe_fusion.kai	173	pipe_fusion_callee_is_foldl	arm	EModCall	X	callee op name == "foldl" => compare callee SymId to core list.foldl
pipe_fusion.kai	174	pipe_fusion_callee_is_foldl	arm	EVar	X	EVar name == "foldl" => compare callee SymId to core list.foldl
pipe_fusion.kai	175	pipe_fusion_callee_is_foldl	arm	ESym	M	ESym name == "__proto_foldl" recognised by string => typed proto-op node
pipe_fusion.kai	182	pipe_fusion_foldl_is_proto	arm	ESym	M	ESym name == "__proto_foldl" recognised by string => typed proto-op node
proto_key.kai	29	pk_of	acc	sym_name	E	dispatch key spelled from SymId name via symtab, home spelled when contested
proto_key.kai	32	pk_of	acc	sym_name	E	dispatch key spelled from owner and name via symtab
proto_key.kai	73	pk_row	acc	sym_name	X	compares owner module name to root name => compare owner SymId to root's
proto_key.kai	74	pk_row	acc	sym_name	X	registry key from name pair and home==root string compare => key by SymId
proto_orphan.kai	45	orphan_head	arm	TyName	X	reads TyName head to find owning module by spelling => read TyRef SymId
proto_orphan.kai	88	orphan_shown	arm	TyName	D	type shown as source wrote it, in orphan message
proto_orphan.kai	89	orphan_shown	arm	TyName	D	type shown as source wrote it, in orphan message
proto_resolve.kai	60	pk_res	acc	sym_name	D	private home module name for diagnostic
proto_resolve.kai	68	pk_home	acc	sym_name	X	compares owner module name to root name => compare owner SymId to root's
proto_resolve.kai	134	ps_type_owner	acc	sym_home	R	type-directed lookup via sv_resolve returning home of resolved SymId
protos.kai	290	proto_map_expr_kind	arm	ERecordLit	P	passthrough: name copied unchanged, no decision
protos.kai	299	proto_map_expr_kind	arm	EHandle	P	passthrough: name copied unchanged, no decision
protos.kai	326	proto_type_name	arm	TyName	X	head name decides protocol dispatch => head SymId from TyRef
protos.kai	856	proto_type_text	acc	hs_display	D	display text of type for signature message
protos.kai	921	sig_type_matches	arm	TyName	X	impl vs protocol type head matched by name => compare TyRef SymIds
protos.kai	922	sig_type_matches	arm	TyName	X	impl vs protocol type head matched by name => compare TyRef SymIds
protos.kai	970	sig_label_matches	arm	RL	X	impl vs protocol effect label matched by name => compare label SymIds
protos.kai	971	sig_label_matches	arm	RL	X	impl vs protocol effect label matched by name => compare label SymIds
protos.kai	994	sig_subst	arm	TyName	X	reads type name to test Self and type-param substitution => TySelf node, binder ids
protos.kai	996	sig_subst	lit	==	X	"Self" literal compare => dedicated TySelf node
protos.kai	1018	sig_subst_row	arm	RL	P	passthrough: name copied unchanged, no decision
protos.kai	1035	sig_head_subst	arm	TyName	X	head name tested for Self and tparam => TySelf node, binder ids
protos.kai	1036	sig_head_subst	lit	==	X	"Self" literal compare => dedicated TySelf node
protos.kai	1260	substitute_self_in_kind	arm	TyName	X	renames Self type by name => TySelf node
protos.kai	1261	substitute_self_in_kind	lit	==	X	"Self" literal compare => dedicated TySelf node
protos.kai	1329	derive_builtin_impl	lit	==	X	protocol picked by name literal => compare protocol SymId
protos.kai	1331	derive_builtin_impl	lit	==	X	protocol picked by name literal => compare protocol SymId
protos.kai	1333	derive_builtin_impl	lit	==	X	protocol picked by name literal => compare protocol SymId
protos.kai	1335	derive_builtin_impl	lit	==	X	protocol picked by name literal => compare protocol SymId
protos.kai	1377	derive_reach_checked	lit	==	X	protocol picked by name literals => compare protocol SymId to core id
protos.kai	1529	derive_impls_for	acc	hs_display	E	display spelling baked into derived Show output text
protos.kai	1588	derive_impl_for_protocol	lit	==	X	protocol picked by name literal => compare protocol SymId
protos.kai	1590	derive_impl_for_protocol	lit	==	X	protocol picked by name literal => compare protocol SymId
protos.kai	1592	derive_impl_for_protocol	lit	==	X	protocol picked by name literal => compare protocol SymId
protos.kai	1594	derive_impl_for_protocol	lit	==	X	protocol picked by name literal => compare protocol SymId
protos.kai	1596	derive_impl_for_protocol	lit	==	X	protocol picked by name literal => compare protocol SymId
protos.kai	1598	derive_impl_for_protocol	lit	==	X	protocol picked by name literal => compare protocol SymId
protos.kai	1600	derive_impl_for_protocol	lit	==	X	protocol picked by name literal => compare protocol SymId
protos.kai	1619	derive_show_impl	mint	TyName	X	mints type "String" by name => TyName with core/stdlib TyRef SymId
protos.kai	1627	derive_show_impl	mint	TyName	X	mints type "String" by name => TyName with core/stdlib TyRef SymId
protos.kai	1636	derive_show_record_body	mint	mk_ref	X	mints callee ref "string_concat_all" by name => ESym with resolved SymId
protos.kai	1656	derive_show_field_parts	mint	mk_ref	L	mints ref to local binder of derived body
protos.kai	1657	derive_show_field_parts	mint	mk_ref	X	mints callee ref "show" by name => ESym with resolved SymId
protos.kai	1665	derive_show_sum_body	mint	mk_ref	L	mints ref to local binder of derived body
protos.kai	1698	derive_show_sum_arm_body	mint	mk_ref	X	mints callee ref "string_concat_all" by name => ESym with resolved SymId
protos.kai	1712	derive_sum_arg_show_calls	mint	mk_ref	X	mints callee ref "show" by name => ESym with resolved SymId
protos.kai	1727	derive_eq_impl	mint	TyName	X	mints type "Bool" by name => TyName with core/stdlib TyRef SymId
protos.kai	1737	derive_eq_impl	mint	TyName	X	mints type "Bool" by name => TyName with core/stdlib TyRef SymId
protos.kai	1754	derive_eq_record_chain	mint	mk_ref	L	mints ref to local binder of derived body
protos.kai	1755	derive_eq_record_chain	mint	mk_ref	L	mints ref to local binder of derived body
protos.kai	1756	derive_eq_record_chain	mint	mk_ref	X	mints callee ref "eq" by name => ESym with resolved SymId
protos.kai	1778	derive_eq_sum_body	mint	mk_ref	L	mints ref to local binder of derived body
protos.kai	1797	derive_eq_sum_inner_match	mint	mk_ref	L	mints ref to local binder of derived body
protos.kai	1823	derive_eq_sum_field_chain	mint	mk_ref	X	mints callee ref "eq" by name => ESym with resolved SymId
protos.kai	1842	derive_hash_impl	mint	TyName	X	mints type "Int" by name => TyName with core/stdlib TyRef SymId
protos.kai	1850	derive_hash_impl	mint	TyName	X	mints type "Int" by name => TyName with core/stdlib TyRef SymId
protos.kai	1867	derive_hash_record_chain	mint	mk_ref	L	mints ref to local binder of derived body
protos.kai	1868	derive_hash_record_chain	mint	mk_ref	X	mints callee ref "hash" by name => ESym with resolved SymId
protos.kai	1890	derive_hash_sum_body	mint	mk_ref	L	mints ref to local binder of derived body
protos.kai	1928	derive_hash_sum_chain	mint	mk_ref	X	mints callee ref "hash" by name => ESym with resolved SymId
protos.kai	1967	derive_ord_make_impl	mint	TyName	X	mints type "Int" by name => TyName with core/stdlib TyRef SymId
protos.kai	1976	derive_ord_make_impl	mint	mk_ref	L	mints ref to local binder of derived body
protos.kai	1977	derive_ord_make_impl	mint	mk_ref	L	mints ref to local binder of derived body
protos.kai	1979	derive_ord_make_impl	mint	mk_ref	X	mints callee ref "cmp" by name => ESym with resolved SymId
protos.kai	1981	derive_ord_make_impl	mint	mk_ref	X	mints callee ref "cmp" by name => ESym with resolved SymId
protos.kai	2007	derive_ord_record_chain	mint	mk_ref	L	mints ref to local binder of derived body
protos.kai	2008	derive_ord_record_chain	mint	mk_ref	L	mints ref to local binder of derived body
protos.kai	2009	derive_ord_record_chain	mint	mk_ref	X	mints callee ref "cmp" by name => ESym with resolved SymId
protos.kai	2032	derive_ord_sum_body	mint	mk_ref	L	mints ref to local binder of derived body
protos.kai	2075	derive_ord_sum_inner_match	mint	mk_ref	L	mints ref to local binder of derived body
protos.kai	2163	derive_ord_payload_chain	mint	mk_ref	X	mints callee ref "cmp" by name => ESym with resolved SymId
protos.kai	2200	derive_binserialize_impl	mint	mk_ref	L	mints ref to local binder of derived body
protos.kai	2224	derive_binser_to_bytes	mint	mk_ref	L	mints ref to local binder of derived body
protos.kai	2232	derive_binser_put_fn	mint	TyName	X	mints type "BinBuf" by name => TyName with core/stdlib TyRef SymId
protos.kai	2237	derive_binser_put_fn	mint	RL	X	mints Mutable effect label by name => RL with core effect SymId
protos.kai	2256	make_binser_impl	mint	TyName	X	mints type "Array" by name => TyName with core/stdlib TyRef SymId
protos.kai	2257	make_binser_impl	mint	TyName	X	mints type "Int" by name => TyName with core/stdlib TyRef SymId
protos.kai	2258	make_binser_impl	mint	TyName	X	mints type "String" by name => TyName with core/stdlib TyRef SymId
protos.kai	2259	make_binser_impl	mint	TyName	X	mints type "BinCursor" by name => TyName with core/stdlib TyRef SymId
protos.kai	2260	make_binser_impl	mint	TyName	X	mints type "Result" by name => TyName with core/stdlib TyRef SymId
protos.kai	2281	derive_binser_shim	mint	TyName	X	mints type "Array" by name => TyName with core/stdlib TyRef SymId
protos.kai	2282	derive_binser_shim	mint	TyName	X	mints type "Int" by name => TyName with core/stdlib TyRef SymId
protos.kai	2283	derive_binser_shim	mint	TyName	X	mints type "String" by name => TyName with core/stdlib TyRef SymId
protos.kai	2284	derive_binser_shim	mint	TyName	X	mints type "BinCursor" by name => TyName with core/stdlib TyRef SymId
protos.kai	2285	derive_binser_shim	mint	TyName	X	mints type "Result" by name => TyName with core/stdlib TyRef SymId
protos.kai	2292	derive_binser_shim	mint	mk_ref	L	mints ref to local binder of derived body
protos.kai	2293	derive_binser_shim	mint	mk_ref	L	mints ref to local binder of derived body
protos.kai	2343	derive_binser_put_at	arm	TyName	X	field type head name drives binser writer choice => compare TyRef SymId
protos.kai	2345	derive_binser_put_at	lit	==	X	"Option" literal compare => compare SymId to core_ty_sym(CtOption)
protos.kai	2360	derive_binser_put_via	mint	mk_ref	L	mints ref to local binder of derived body
protos.kai	2386	binser_prim_writer	lit	==	X	prim head name picks binser writer => core_ty_sym compare
protos.kai	2387	binser_prim_writer	lit	==	X	prim head name picks binser writer => core_ty_sym compare
protos.kai	2388	binser_prim_writer	lit	==	X	prim head name picks binser writer => core_ty_sym compare
protos.kai	2389	binser_prim_writer	lit	==	X	prim head name picks binser writer => core_ty_sym compare
protos.kai	2390	binser_prim_writer	lit	==	X	prim head name picks binser writer => core_ty_sym compare
protos.kai	2404	derive_binser_decode_call_at	mint	mk_ref	L	mints ref to local binder of derived body
protos.kai	2405	derive_binser_decode_call_at	mint	mk_ref	L	mints ref to local binder of derived body
protos.kai	2409	derive_binser_decode_call_at	mint	mk_ref	X	mints callee ref "bin_list_from_bytes" by name => ESym with resolved SymId
protos.kai	2412	derive_binser_decode_call_at	arm	TyName	X	field type head name drives binser decode choice => compare TyRef SymId
protos.kai	2413	derive_binser_decode_call_at	lit	==	X	"Option" literal compare => compare SymId to core_ty_sym(CtOption)
protos.kai	2419	derive_binser_decode_call_at	mint	mk_ref	L	mints ref to local binder of derived body
protos.kai	2420	derive_binser_decode_call_at	mint	mk_ref	L	mints ref to local binder of derived body
protos.kai	2424	derive_binser_decode_call_at	mint	mk_ref	X	mints callee ref "bin_option_from_bytes" by name => ESym with resolved SymId
protos.kai	2429	derive_binser_decode_call_at	lit	==	X	"Char" literal compare => compare SymId to core_ty_sym(CtChar)
protos.kai	2430	derive_binser_decode_call_at	mint	mk_ref	X	mints callee ref "bin_char_from_bytes" by name => ESym with resolved SymId
protos.kai	2456	derive_binser_put_record	mint	mk_ref	L	mints ref to local binder of derived body
protos.kai	2472	derive_binser_field_guard	mint	mk_ref	L	mints ref to local binder of derived body
protos.kai	2497	derive_binser_field_value	mint	mk_ref	L	mints ref to local binder of derived body
protos.kai	2520	binser_prim_reader	arm	TyName	X	prim reader chosen by type name => core_ty_sym compare
protos.kai	2521	binser_prim_reader	lit	==	X	"Int"/"Bool"/"String"/"Char" literals => core_ty_sym compares
protos.kai	2540	derive_binser_record_from_bytes	mint	mk_ref	L	mints ref to local binder of derived body
protos.kai	2571	derive_binser_record_ok_value	mint	mk_ref	L	mints ref to local binder of derived body
protos.kai	2589	binser_ok_cursor	mint	ERecordLit	X	mints BinCursor record by name => TyRef to stdlib BinCursor SymId
protos.kai	2597	derive_binser_match_result	mint	PVariant	X	mints "Err" ctor pattern by name => PVariant with core Result ctor SymId
protos.kai	2600	derive_binser_match_result	mint	mk_ref	X	mints core ctor ref "Err" by name => ESym with core ctor SymId
protos.kai	2601	derive_binser_match_result	mint	mk_ref	L	mints ref to local binder of derived body
protos.kai	2603	derive_binser_match_result	mint	PVariant	X	mints "Ok" ctor pattern by name => PVariant with core Result ctor SymId
protos.kai	2615	derive_binser_put_sum	mint	mk_ref	L	mints ref to local binder of derived body
protos.kai	2616	derive_binser_put_sum	mint	mk_ref	L	mints ref to local binder of derived body
protos.kai	2639	derive_binser_put_arm	mint	mk_ref	L	mints ref to local binder of derived body
protos.kai	2681	derive_binser_sum_from_bytes	mint	mk_ref	L	mints ref to local binder of derived body
protos.kai	2682	derive_binser_sum_from_bytes	mint	mk_ref	L	mints ref to local binder of derived body
protos.kai	2687	derive_binser_sum_from_bytes	mint	mk_ref	L	mints ref to local binder of derived body
protos.kai	2688	derive_binser_sum_from_bytes	mint	mk_ref	L	mints ref to local binder of derived body
protos.kai	2696	derive_binser_sum_tag_chain	mint	mk_ref	X	mints core ctor ref "Err" by name => ESym with core ctor SymId
protos.kai	2702	derive_binser_sum_tag_chain	mint	mk_ref	L	mints ref to local binder of derived body
protos.kai	2767	collect_binser_types	lit	==	X	protocol "BinSerialize" picked by name literal => protocol SymId compare
protos.kai	2916	binser_collection_head	lit	==	X	"List"/"Option" literals => compare to core_ty_sym ids
protos.kai	3126	validate_derive_json_one	lit	==	X	"Option" literal compare => compare SymId to core_ty_sym(CtOption)
protos.kai	3173	binser_collection_elem	arm	TyName	X	field type head name drives collection elem choice => compare TyRef SymId
protos.kai	3174	binser_collection_elem	lit	==	X	"Option" literal compare => compare SymId to core_ty_sym(CtOption)
protos.kai	3214	collect_ord_providers	lit	==	X	protocol "Ord" picked by name literal => protocol SymId compare
protos.kai	3608	prc_callee_impl	arm	EVar	X	impl looked up by fn name string in impl index => index keyed by impl SymId
protos.kai	3609	prc_callee_impl	arm	ESym	X	impl looked up by fn name string in impl index => index keyed by impl SymId
protos.kai	3718	prc_con_head	arm	TyCon	X	dispatch head built from type name plus sym => key by SymId only
protos.kai	3723	prc_same_head	arm	TyCon	X	head matched by name and sym compat => compare SymId only
protos.kai	3752	prc_cmp_impl	arm	TyCon	X	impl pool bucket keyed by type name => bucket keyed by SymId
protos.kai	4083	validate_dispatcher_callee	arm	EVar	X	dispatcher callee identified by name => ESym dispatcher id
protos.kai	4084	validate_dispatcher_callee	arm	ESym	X	dispatcher callee identified by name => ESym dispatcher id
protos.kai	4085	validate_dispatcher_callee	arm	EModCall	X	dispatcher callee identified by name => ESym dispatcher id
protos.kai	4222	validate_inv_kind	arm	EVar	M	__proto_ prefix marks dispatcher refs => typed dispatcher node
protos.kai	4476	te_kind_self_count	arm	TyName	X	"Self" name counted in type expr => TySelf node
protos.kai	4477	te_kind_self_count	lit	==	X	"Self" literal compare => dedicated TySelf node
protos.kai	4501	align_self_head	arm	TyName	X	"Self" name tested in declared type => TySelf node
protos.kai	4502	align_self_head	lit	==	X	"Self" literal compare => dedicated TySelf node
protos.kai	4582	try_rewrite_proto_call_with_ret	arm	EVar	M	strip __proto_ prefix and look up op by name => typed dispatcher node
protos.kai	4666	proto_callee_kind	arm	ESym	X	ESym degraded to EVar name to find protocol op => keep ESym, key by SymId
protos.kai	4674	try_rewrite_proto_call	arm	EVar	M	strip __proto_ prefix and look up op name => typed dispatcher node
protos.kai	4696	try_rewrite_proto_call	arm	EModCall	M	m.__proto_op recognised by prefix, op found by name => typed dispatcher node
protos.kai	4808	te_kind_mentions_self	arm	TyName	X	"Self" name tested in type expr => TySelf node
protos.kai	4809	te_kind_mentions_self	lit	==	X	"Self" literal compare => dedicated TySelf node
protos.kai	4829	te_kind_mentions_self_or_carrier	arm	TyName	X	"Self" or carrier name list membership => TySelf node, carrier SymIds
protos.kai	4830	te_kind_mentions_self_or_carrier	lit	==	X	"Self" literal and list_has carriers => TySelf node, carrier SymIds
protos.kai	5119	ty_head_name	arm	TyCon	X	dispatch head name of TyCon => head SymId
pub_access_decl.kai	105	par_typebody	acc	rl_names	X	privacy check resolves reference by name to table entry => check access on resolved SymId
pub_access_decl.kai	148	par_expr	arm	EVar	X	privacy check resolves reference by name to table entry => check access on resolved SymId
pub_access_decl.kai	153	par_expr	arm	ESym	X	privacy check resolves reference by name to table entry => check access on resolved SymId
pub_access_decl.kai	171	par_expr	arm	ERecordLit	X	privacy check resolves reference by name to table entry => check access on resolved SymId
pub_access_decl.kai	192	par_expr	arm	EHandle	X	privacy check resolves reference by name to table entry => check access on resolved SymId
pub_access_decl.kai	272	par_pat	arm	PVariant	X	privacy check resolves reference by name to table entry => check access on resolved SymId
pub_access_decl.kai	274	par_pat	arm	PVariantRecord	X	privacy check resolves reference by name to table entry => check access on resolved SymId
pub_access_refs.kai	91	par_te	arm	TyName	X	privacy check resolves reference by name to table entry => check access on resolved SymId
pub_access_refs.kai	130	par_row_labels	arm	RL	X	privacy check resolves reference by name to table entry => check access on resolved SymId
pub_access_table.kai	126	pa_type_entries	acc	hs_display	R	builds name table entries from declarations
pub_access_table.kai	127	pa_type_entries	acc	hs_display	R	builds name table entries from declarations
purity.kai	183	pty_scan_kind	arm	EVar	X	purity decided by variable name => purity flag on callee SymId
purity.kai	240	pty_call_head	arm	EVar	M	perceus/tcrec marker prefixes recognised by name => EMark nodes
purity_traps.kai	104	tf_node	arm	EModCall	X	ctor-ness decided by uppercase first letter => ctor class from SymId
purity_traps.kai	118	tf_head	arm	ESym	X	ctor-ness decided by uppercase first letter => ctor class from SymId
purity_traps.kai	119	tf_head	arm	EVar	M	perceus/tcrec marker prefixes recognised by name => EMark nodes
purity_traps.kai	122	tf_head	arm	EModCall	X	ctor-ness decided by uppercase first letter => ctor class from SymId
qual_head.kai	151	qh_label	arm	RL	S	strips written module qualifier from head name
qual_head.kai	163	qh_ty	arm	TyName	S	strips written module qualifier from head name
qual_head.kai	206	qh_expr	arm	EHandle	S	strips written module qualifier from head name
qual_head.kai	248	qhchk_labels	arm	RL	D	qualifier-validation check reporting error for name
qual_head.kai	295	qhchk_tbody	acc	rl_names	D	qualifier-validation check reporting error for name
qual_head.kai	328	qhchk_expr	arm	EHandle	D	qualifier-validation check reporting error for name
range_patterns.kai	59	drp_pat	arm	PVariant	P	passthrough: range-pattern rewrite rebuilds variant unchanged
range_patterns.kai	62	drp_pat	arm	PVariantRecord	P	passthrough: range-pattern rewrite rebuilds variant record unchanged
raw_border.kai	30	raw_border_owning_callee	arm	EVar	M	"__" and __pimpl_/__proto_ prefixes mark sentinels => typed marker nodes
raw_border.kai	63	raw_border_strip_dup	arm	EVar	M	"__perceus_dup" callee name mark => EMark(MkPcsDup)
rawsafe.kai	341	rs_uses_raw_in	arm	EVar	L	local binder occurrence check
rawsafe.kai	537	bs_uses_borrow	arm	EVar	L	local binder occurrence check
refine_coerce.kai	45	rc_refs	arm	EVar	L	carried refinements bound to the value's local binder
refine_coerce.kai	61	rc_assert	mint	mk_ref	M	"__strip_unit" minted as callee name => EMark(MkStripUnit)
refine_coerce.kai	99	rc_subst	arm	TyCon	P	type name carried through substitution unchanged
refine_coerce.kai	134	rc_write_of	arm	EVar	L	setter receiver compared to local binder name
refine_enforce.kai	24	renf_skip_fn	lit	==	M	"__ref_pred_" prefix marks generated predicate fns => typed marker
refine_help.kai	80	base_ty_name	arm	TyName	D	base type name for help-line text
refine_help.kai	102	expr_is_var	arm	EVar	L	predicate variable compared to param binder name
refine_variance.kai	55	rv_param_seen	lit	==	X	type names "Option"/"Result" literal and name-keyed defs lookup => TyCon SymId
refine_variance.kai	75	rv_occ	arm	TyName	L	type-parameter name compared to occurrence name
refine_variance.kai	76	rv_occ	arm	TyName	X	type head looked up in defs by last name segment => TyRef SymId
refine_variance.kai	133	rv_inner	arm	TyCon	X	variance looked up by TyCon name => TyCon SymId key
refine_variance.kai	187	rv_join_bare	arm	TyCon	P	TyCon name carried through join unchanged
refinements.kai	94	wrap_with_contracts	mint	mk_ref	L	synthetic "result" binder minted for contract block
refinements.kai	275	pred_regex_pattern_named	arm	EVar	X	callee "matches" compared by name => compare callee SymId to core sym
refinements.kai	279	pred_regex_pattern_named	arm	EVar	L	receiver compared to expected param binder name
refinements.kai	298	extract_regex_literal	arm	EModCall	X	module "regexp" and fn "compile_or_panic" literal compares => compare callee SymId to core sym
refinements.kai	671	subst_self	arm	EVar	L	substitutes the "self" predicate binder
refinements.kai	714	cmp_lt	arm	EVar	L	orders predicate variables by binder name
refinements.kai	715	cmp_lt	arm	EVar	L	orders predicate variables by binder name
refinements.kai	749	interval_of_pred	arm	EVar	L	predicate variable compared to param binder name
refinements.kai	787	check_pred_with_interval	arm	EVar	L	predicate variable compared to param binder name
refinements.kai	823	expr_struct_eq	arm	EVar	L	structural equality of predicate variable binders
refinements.kai	1045	classify_arg_vs_pred	arm	EVar	L	looks up caller param refinements by binder name
refinements.kai	1086	subst_var	arm	EVar	L	substitutes predicate param binder by name
refinements.kai	1148	ci_name	arm	EVar	L	reads predicate variable binder name
refinements.kai	1226	expr_pred_ident_node	arm	EVar	M	callee "__perceus_dup" marker compare => EMark(MkDup)
refinements.kai	1287	subst_params	arm	EVar	L	substitutes param binders by name
refinements.kai	1320	free_var_of_pred	arm	EVar	L	free predicate variable is a param binder
region.kai	203	region_marker_of	arm	EVar	M	"region" callee name marks region block => typed region marker node
region.kai	250	te_is_region_branded	arm	TyName	X	"Real"/"Int"/"Decimal" literal compares => core_ty_sym compares
region_yield.kai	137	ry_effects_here	arm	EVar	X	effect op recognised by callee name => ESym with effect id
region_yield.kai	138	ry_effects_here	arm	ESym	X	effect op recognised by callee name => ESym with effect id
region_yield.kai	140	ry_effects_here	arm	EHandle	X	handled effects collected as names => collect effect SymIds
region_yield.kai	184	ry_add_label_effects	acc	.eff	X	effects collected as label name strings => collect label syms
resolve.kai	306	chk_kind	arm	EVar	R	var name resolved to id by scope ladder
resolve.kai	346	chk_kind	arm	ERecordLit	R	record literal type ref resolved during resolve check
resolve.kai	382	chk_kind	arm	EHandle	R	handle effect name resolved to effect SymId
resolve.kai	394	chk_kind	arm	EModCall	R	module-qualified call resolved to declaration id
resolve.kai	508	chk_stage	arm	EVar	R	pipeline stage callee resolved by scope ladder
resolve.kai	538	chk_call	arm	EVar	R	callee name resolved by scope ladder
resolve.kai	624	chk_op_base	arm	EVar	R	effect-op base name resolved to ESym with effect id
resolve.kai	648	chk_op_head	arm	RL	R	op owner effect looked up, stamping effect SymId
resolve.kai	1046	register_one	arm	TyName	R	records alias head in env while registering decls
resolve.kai	1325	check_row_labels_loop	arm	RL	R	row label effect name checked against declared effects
resolve.kai	1396	collect_tyvars_in_typeexpr	arm	TyName	R	collects type variable names from written type expr
resolve_callee.kai	265	sym_text	acc	sym_home	D	message text naming declaration with home
resolve_sym_test.kai	104	rst_home_in	acc	sym_home	D	test helper returning home text for assertion
resume_decls.kai	50	rsd_kind	arm	EHandle	P	passthrough: handle split rebuilds EHandle, effect name untouched
resume_scan.kai	79	rs_find_ref	arm	EVar	L	finds reads of clause var names (local binders)
resume_scan.kai	137	rs_is_loop_callee	arm	EVar	X	EVar name tested against while/until/repeat => compare callee SymId to core loop fns
resume_scan.kai	138	rs_is_loop_callee	arm	EModCall	X	qualifier == "loop" and name tested => compare callee SymId to core loop fns
resume_scan.kai	229	rs_var_after	arm	EVar	D	var name quoted in error message
resume_segment.kai	66	rs_escape	arm	EVar	L	compares EVar to continuation binder k
resume_segment.kai	95	rs_mention	arm	EVar	L	compares EVar to continuation binder k
resume_segment.kai	165	in_place	acc	.eff	P	passthrough: handle rebuilt with new clauses, effect name untouched
resume_segment.kai	192	segment_handle	acc	.eff	P	passthrough: handle rebuilt with forwarders, effect name untouched
resume_segment.kai	209	forwarders	mint	mk_ref	L	mints fresh local "__seg_k" continuation binder
resume_segment_state.kai	28	state_resume	mint	mk_ref	L	mints fresh local "__seg_v"/"__seg_s" binders referenced in same body
resume_segment_state.kai	44	state_out	mint	mk_ref	L	mints fresh local "__seg_x" binder and reads state cell alias
resume_segment_state.kai	51	state_return_lambda	mint	mk_ref	L	mints fresh local "__seg_r" binder referenced in same body
resume_segment_state.kai	66	with_state	mint	mk_ref	L	mints fresh local "__seg_st" state binder referenced in same body
resume_segment_state.kai	70	keep_state	mint	mk_ref	L	references fresh local "__seg_st" state binder
resume_segment_state.kai	73	keep_state	arm	EHandle	P	passthrough: handle rebuilt with kept state, effect name untouched
reuse_cells.kai	36	reuse_pattern_cells	arm	PVariant	X	variant entry looked up by (home,ctor name) => variant table keyed by ctor SymId
reuse_cells.kai	51	rc_cell	arm	PVariant	X	variant entry looked up by (home,ctor name) => variant table keyed by ctor SymId
reuse_ctors.kai	35	reuse_ctor_ref	arm	TyCon	X	reuse ctor keyed by (module,name) => key by ctor SymId
reuse_ctors.kai	48	reuse_ctor_home_name	arm	EVar	X	reuse ctor taken from bare name => ctor SymId from ESym
reuse_ctors.kai	49	reuse_ctor_home_name	arm	EModCall	X	reuse ctor taken from module+name => ctor SymId from ESym
reuse_ctors.kai	95	is_reuse_variant_callee	arm	EVar	M	"__perceus_reuse_variant" callee marker => EMark(MkReuseVariant)
rows.kai	75	expand_row_aliases_in_te	arm	TyName	P	type ref and name carried through rebuild unchanged
rows.kai	125	expand_label_aliases	arm	RL	X	effect alias looked up by label name => alias table keyed by SymId
rows.kai	142	dedup_labels_loop	arm	RL	X	dedup key built from label name plus sym => key by SymId only
scope_view.kai	239	sv_on_rung	acc	sym_name	R	scope rung admits candidate by symtab name
scope_walk.kai	50	sw_expr	arm	ERecordLit	R	respells written type/ctor/effect head via resolver hooks
scope_walk.kai	69	sw_expr	arm	EHandle	R	respells written type/ctor/effect head via resolver hooks
scope_walk.kai	91	sw_type_name	arm	TyName	R	respells written type/ctor/effect head via resolver hooks
scope_walk.kai	157	sw_pat	arm	PVariant	D	variant pattern name passed through
scope_walk.kai	158	sw_pat	arm	PVariantRecord	R	respells written type/ctor/effect head via resolver hooks
scope_walk.kai	159	sw_pat	acc	ty_ref_qual	R	respells written type/ctor/effect head via resolver hooks
spawn_capture.kai	109	free_carriers	arm	EVar	L	free-variable carrier checked against bound local names
spawn_capture.kai	110	free_carriers	arm	ESym	L	free-variable carrier checked against bound local names
spawn_capture.kai	138	callee_is_spawn	arm	EVar	X	callee name matched against spawn boundary callee list => compare callee SymId
spawn_capture.kai	139	callee_is_spawn	arm	ESym	X	callee name matched against spawn boundary callee list => compare callee SymId
spawn_capture.kai	168	carrier_display	arm	TyCon	D	type name rendered into error message
spawn_capture.kai	190	carrier_display_arg	arm	TyCon	D	type name rendered into error message
spawn_row.kai	51	walk_spawn_rows_expr	arm	EVar	X	callee name matched against spawn boundary list => compare callee SymId
spawn_row.kai	54	walk_spawn_rows_expr	arm	ESym	X	callee name matched against spawn boundary list => compare callee SymId
spawn_row.kai	297	report_spawn_row_labels	acc	.eff	X	effect decl looked up by label name => find by Label.sym
spawn_row.kai	300	report_spawn_row_labels	acc	.eff	D	effect name only goes into spawn escape message
surface_lower.kai	193	sfl_expr	arm	EHandle	P	passthrough: name copied unchanged, no decision
surface_lower.kai	200	sfl_expr	arm	ERecordLit	P	passthrough: name copied unchanged, no decision
surface_lower.kai	224	sfl_ensure	mint	mk_ref	X	mints core ctor ref "Some" by name => ESym with core ctor SymId
surface_lower.kai	225	sfl_ensure	mint	mk_ref	L	mints ref to local binder of derived body
surface_lower.kai	227	sfl_ensure	mint	mk_ref	X	mints core ctor ref "None" by name => ESym with core ctor SymId
surface_lower.kai	270	sfl_pair_elems	mint	ERecordLit	S	map literal sugar mints Pair record by written name
surface_lower.kai	369	sfl_pat	arm	PVariant	P	passthrough: name copied unchanged, no decision
surface_lower.kai	371	sfl_pat	arm	PVariantRecord	P	passthrough: name copied unchanged, no decision
surface_lower.kai	382	sfl_qualified	arm	PVariant	S	qualifies variant pattern with written module prefix
surface_lower.kai	383	sfl_qualified	arm	PVariantRecord	S	qualifies variant pattern with written module prefix
surface_lower.kai	408	sfl_ty	arm	TyName	P	passthrough: name copied unchanged, no decision
surface_lower.kai	429	sfl_row_label	arm	RL	P	passthrough: name copied unchanged, no decision
sym_erase.kai	81	se_kind_at	arm	ESym	L	local ESym turned back into EVar by spelling
sym_erase.kai	97	se_home_call	acc	sym_home	E	home module spelling chosen for backend call
sym_erase.kai	118	se_any_home	acc	sym_home	E	home module spelling chosen for backend call
sym_read.kai	21	sym_read_kind	arm	ESym	X	shim exposes ESym as name so passes read by spelling => passes match ESym SymId directly
sym_read.kai	27	sym_read_expr	arm	ESym	X	shim exposes ESym as name so passes read by spelling => passes match ESym SymId directly
sym_read.kai	33	sym_read_name	arm	EVar	X	shim exposes ESym as name so passes read by spelling => passes match ESym SymId directly
sym_read.kai	34	sym_read_name	arm	ESym	X	shim exposes ESym as name so passes read by spelling => passes match ESym SymId directly
sym_read.kai	40	sym_local_kind	arm	ESym	L	local ESym viewed as EVar binder
sym_read.kai	47	sym_locals_read	arm	ESym	L	local ESym viewed as EVar binder
symid_dump.kai	56	sd_refs	arm	ESym	D	--dump of symbol references
symid_dump.kai	57	sd_refs	arm	EHandle	D	--dump of handle effect reference
symid_dump.kai	79	sd_ref	acc	sym_name	D	--dump line text of symbol
symtab.kai	143	st_filter_name	acc	sym_name	R	symtab bucket filter: name equality yields SymIds
symtab_test.kai	50	stt_distinct_homes	acc	sym_home	D	test assertion on symbol home/name strings
symtab_test.kai	81	stt_owned_by_module	acc	sym_name	D	test assertion on symbol home/name strings
symtab_test.kai	97	stt_lookup_is_exact	acc	sym_home	D	test assertion on symbol home/name strings
symtab_test.kai	113	stt_index_each	acc	sym_name	D	test assertion on symbol home/name strings
symtab_test.kai	121	stt_scan	acc	sym_name	D	test assertion on symbol home/name strings
symtab_test.kai	171	stt_owners_are_modules	acc	sym_home	D	test assertion on symbol home/name strings
symtab_test.kai	179	stt_row_matches	acc	sym_name	D	test assertion on symbol home/name strings
symtab_test.kai	218	stt_untagged_takes_target	acc	sym_home	D	test assertion on symbol home/name strings
symtab_test.kai	243	stt_repeat_is_one_symbol	acc	sym_home	D	test assertion on symbol home/name strings
symtab_test.kai	266	stt_two_homes_resolve	acc	sym_home	D	test assertion on symbol home/name strings
symtab_test.kai	293	stt_keys_are	lit	==	D	test assertion on symbol home/name strings
symtab_test.kai	294	stt_keys_are	lit	==	D	test assertion on symbol home/name strings
symtab_test.kai	393	stt_homes_in_order	acc	sym_home	D	test assertion on symbol home/name strings
tailfuse.kai	238	tf_int_ty	mint	TyName	X	Int type minted by name => core_ty ref for Int
tailfuse.kai	462	tf_member_index	arm	ESym	X	fusion member looked up by name => member index by decl SymId
tailfuse.kai	466	tf_member_index	arm	EVar	X	fusion member looked up by name => member index by decl SymId
tailfuse.kai	467	tf_member_index	arm	EModCall	X	fusion member looked up by name => member index by decl SymId
tailgraph.kai	185	tg_walk_block_tail	arm	EVar	M	"__pcs_arm_ret"/"__pcs_block_ret" wrappers recognised by name => EMark
tailgraph.kai	198	tg_is_ret_wrap	lit	==	M	"__pcs_arm_ret"/"__pcs_block_ret" spelling compare => EMark(MkPcsRet)
tailgraph.kai	220	tg_call_target	arm	ESym	X	call target found by id with name fallback => by SymId only
tailgraph.kai	221	tg_call_target	arm	EVar	X	call target found by (name, module) index => by callee SymId
tailgraph.kai	222	tg_call_target	arm	EModCall	X	call target found by (name, module) index => by callee SymId
tailsig.kai	69	tf_ty_eq	arm	TyName	X	type heads compared by name => compare TyRef SymIds
tailsig.kai	70	tf_ty_eq	arm	TyName	X	type heads compared by name => compare TyRef SymIds
tailsig.kai	116	tf_labels_eq	arm	RL	X	effect labels compared by name => compare label SymIds
tailsig.kai	118	tf_labels_eq	arm	RL	X	effect labels compared by name => compare label SymIds
trmc_exit_drops.kai	32	txd_ret_drops	arm	EVar	M	Perceus/TRMC sentinel recognised by name or prefix => typed EMark
trmc_exit_drops.kai	36	txd_is_ret_name	lit	==	M	Perceus/TRMC sentinel recognised by name or prefix => typed EMark
trmc_exit_drops.kai	78	txd_kind	arm	EVar	M	Perceus/TRMC sentinel recognised by name or prefix => typed EMark
trmc_exit_drops.kai	87	txd_apply_leaf	arm	EVar	M	Perceus/TRMC sentinel recognised by name or prefix => typed EMark
trmc_exit_drops.kai	200	txd_is_ref_to	arm	EVar	L	compared with local binder name
trmc_exit_drops.kai	209	txd_is_wrapper	arm	EVar	M	Perceus/TRMC sentinel recognised by name or prefix => typed EMark
trmc_self_call.kai	28	tcrec_callee_is_self	arm	EModCall	X	callee qualified name derived and compared with self id => compare callee SymId
tycon_home.kai	112	th_res_name	arm	TyCon	X	ctor/type home resolved by name table => look up by ctor/type SymId
tycon_home.kai	168	th_qualify_call	arm	EVar	X	ctor/type home resolved by name table => look up by ctor/type SymId
tycon_home.kai	169	th_qualify_call	arm	EModCall	X	ctor/type home resolved by name table => look up by ctor/type SymId
tycon_home.kai	176	th_qualify_call	arm	EModCall	X	ctor/type home resolved by name table => look up by ctor/type SymId
tycon_home.kai	193	th_ctor_home	arm	EVar	X	ctor/type home resolved by name table => look up by ctor/type SymId
tycon_home.kai	194	th_ctor_home	arm	EModCall	X	ctor/type home resolved by name table => look up by ctor/type SymId
tycon_home.kai	215	ty_home	arm	TyCon	X	home string read off TyCon => derive home from TyCon SymId
tycon_home.kai	227	th_ty	arm	TyCon	X	ctor/type home resolved by name table => look up by ctor/type SymId
tycon_ids_dump.kai	91	is_op_callee	arm	EVar	D	dump heuristic detecting op callee by dot in name
tycon_ids_dump.kai	92	is_op_callee	arm	ESym	D	dump heuristic detecting op callee by dot in name
tycon_pat.kai	47	tp_pat	arm	PVariant	X	slot types/home resolved by type or ctor name => look up by SymId
tycon_pat.kai	51	tp_pat	arm	PVariantRecord	P	pass-through rebuild; name not inspected
tycon_pat.kai	71	tp_ty_home	arm	TyCon	X	slot types/home resolved by type or ctor name => look up by SymId
tycon_pat.kai	126	tp_field_ty	arm	TyCon	X	slot types/home resolved by type or ctor name => look up by SymId
tycon_pat.kai	153	tp_te	arm	TyName	X	slot types/home resolved by type or ctor name => look up by SymId
tycon_ref.kai	22	tsh_ref_sym	arm	TyRef	R	declaration SymId looked up from qualifier and written name
tycon_scheme_home.kai	257	tsh_type_home	arm	TyCon	X	type home by name fallback => home by TyCon SymId only
type_home.kai	94	payload_slot_kind	arm	TyName	X	literal "Int"/"Real" compare and type lookup by name => compare SymId to core_ty_sym
type_home.kai	96	payload_slot_kind	lit	==	X	literal "Int" compare for payload slot kind => compare SymId to core_ty_sym(CtInt)
type_home.kai	97	payload_slot_kind	lit	==	X	literal "Real" compare for payload slot kind => compare SymId to core_ty_sym(CtReal)
type_ids_check.kai	66	tic_te	arm	TyName	D	consistency check reporting unstamped type names
type_scope.kai	96	ts_decl_name	acc	ts_spell	R	type decl spelling by home in scope table
type_scope.kai	97	ts_decl_name	acc	ts_spell	R	type decl spelling by home in scope table
type_scope.kai	98	ts_decl_name	acc	ts_spell	R	type decl spelling by home in scope table
type_scope.kai	153	ts_ty	arm	TyName	R	resolves written type name through scope table
type_scope.kai	171	ts_label	arm	RL	R	scope rewrite of row label type arguments
type_scope.kai	208	ts_leaf	arm	EVar	R	resolves bare type-path expression through scope table
type_scope.kai	225	ts_qualified_path	arm	EVar	R	resolves qualified type-path expression through module table
type_scope_check.kai	129	tschk_ty	arm	TyName	D	hidden/ambiguous type name diagnostic
type_scope_check.kai	152	tschk_labels	arm	RL	D	hidden effect/type label diagnostic
type_scope_check.kai	167	tschk_here	arm	EHandle	D	hidden effect name diagnostic on handle
type_scope_check.kai	187	tschk_pat	arm	PVariant	D	hidden ctor name diagnostic in pattern
type_scope_check.kai	189	tschk_pat	arm	PVariantRecord	D	hidden ctor name diagnostic in record pattern
type_scope_check.kai	248	tschk_homes	acc	sym_home	D	homes listed for ambiguity message
type_scope_table.kai	64	ts_effect_named	arm	TyName	X	tests whether type arg is an effect by name list => effect table keyed by SymId
type_scope_table.kai	100	ts_spell	acc	hs_spell	R	type spelling by home in scope table
type_scope_table.kai	131	ts_resolve	acc	ts_spell	R	resolves type name in own module scope
type_scope_table.kai	141	ts_resolve_imported	acc	ts_spell	R	resolves imported type name to single home
type_scope_table.kai	143	ts_resolve_imported	acc	ts_spell	R	resolves imported type name to single home
type_scope_table.kai	171	ts_resolve_qualified	acc	ts_spell	R	qualified type lookup in module exports
type_stamp.kai	18	stamp_te	arm	TyName	R	stamps TyRef SymId onto type expr from typed Ty
type_stamp.kai	62	stamp_label	arm	RL	R	stamp traversal of row label type arguments
type_text.kai	46	tt_type	arm	TyName	D	renders type name for text output
type_text.kai	47	tt_type	arm	TyName	D	renders type name with arguments for text output
type_text.kai	95	tt_label	arm	RL	D	renders effect label for text output
type_text.kai	96	tt_label	arm	RL	D	renders effect label with arguments for text output
unbox.kai	223	arm_body_diverges	arm	EVar	X	callee compared to panic/exit literals => compare callee SymId to core
unbox.kai	243	ufn_promote_calls_kind	arm	ERecordLit	P	pass-through rebuild; name not inspected
unbox.kai	253	ufn_promote_calls_kind	arm	EHandle	P	pass-through rebuild; name not inspected
unbox.kai	337	call_is_raw_core	arm	EVar	X	callee name tested in raw-core prim list => prim table keyed by SymId
unbox.kai	346	call_is_fixed_vec_get	arm	EVar	M	fixed-vec intrinsic callee recognised by name => typed intrinsic node
unbox.kai	537	unbox_kind_aware	arm	ERecordLit	P	pass-through rebuild; name not inspected
unbox.kai	551	unbox_kind_aware	arm	EHandle	P	pass-through rebuild; name not inspected
unbox.kai	576	decide_mode_aware	arm	EVar	M	fixed-vec intrinsic callee recognised by name => typed intrinsic node
unbox.kai	579	decide_mode_aware	arm	EVar	L	unbox mode env of local binders
unbox.kai	593	decide_mode_aware	arm	EVar	L	unbox mode env of local binders
unbox.kai	683	decide_mode_aware	lit	==	M	cell intrinsic recognised by name string => typed cell intrinsic
unbox.kai	700	expr_is_lent	arm	EVar	L	unbox mode env of local binders
unbox.kai	825	unbox_arm_with_scr_aware	arm	PVariant	X	ctor int-slot registry looked up by (home,name) => keyed by ctor SymId
unbox.kai	870	seed_variant_int_loop	arm	PVariant	X	ctor int-slot registry looked up by (home,name) => keyed by ctor SymId
unbox.kai	980	nrab_pat	arm	PVariant	X	ctor int-slot registry looked up by (home,name) => keyed by ctor SymId
unbox.kai	996	nrab_slot_loop	arm	PVariant	X	ctor int-slot registry looked up by (home,name) => keyed by ctor SymId
unbox.kai	1141	stmt_rhs_is_cell_init	lit	==	M	cell intrinsic recognised by name string => typed cell intrinsic
unbox_native_raw.kai	57	nab_uses_ok	arm	EVar	L	compared with the local binder under analysis
unbox_native_raw.kai	116	nab_callee_raw_mask	arm	EVar	L	compared with the local binder under analysis
unbox_native_raw.kai	130	nab_ctor_flags	arm	EVar	X	ctor int-slot registry looked up by (home,name) => keyed by ctor SymId
unbox_native_raw.kai	131	nab_ctor_flags	arm	EModCall	X	ctor int-slot registry looked up by (home,name) => keyed by ctor SymId
unbox_native_raw.kai	153	nab_is_var	arm	EVar	L	compared with the local binder under analysis
unbox_native_raw.kai	170	nab_mentions	arm	EVar	L	compared with the local binder under analysis
underscore_binders.kai	60	ub_pat	arm	PVariant	P	pass-through rebuild; name not inspected
underscore_binders.kai	61	ub_pat	arm	PVariantRecord	P	pass-through rebuild; name not inspected
unique_binders.kai	136	ub_reads	arm	EVar	L	collects read local names to compare against binders
unique_binders.kai	199	ub_kind	arm	EVar	L	renames local EVar via binder env
unique_binders.kai	208	ub_kind	arm	EHandle	L	handle alias is local binder kept in env
unique_binders.kai	330	ub_pat_kind	arm	PVariant	P	passthrough: variant ctor name untouched while renaming binders
unique_binders.kai	334	ub_pat_kind	arm	PVariantRecord	P	passthrough: record variant name untouched while renaming binders
unique_binders.kai	387	ub_var_marks	arm	EVar	L	marks local variable reads for identifier edits
unit_walk.kai	126	map_units_typeexpr	arm	TyName	P	TyName ref and name carried through rewrite unchanged
unit_walk.kai	186	map_units_exprkind	arm	ERecordLit	P	record type ref and name carried through rewrite unchanged
unit_walk.kai	207	map_units_exprkind	arm	EHandle	P	handled effect name carried through rewrite unchanged
unit_walk.kai	220	map_units_exprkind	arm	EModCall	P	module call names carried through rewrite unchanged
unwind_binders.kai	72	unw_is_loop	lit	==	M	loop intrinsics recognised by "__loop_*" names => typed loop node
unwind_calls.kai	29	ue_ty_carries	arm	TyCon	X	type name looked up in carrier/effect name lists => TyCon SymId membership
unwind_calls.kai	96	ue_call	arm	EVar	X	callee name decides local vs effect-perform vs fn row class => EVar carries decl id
unwind_calls.kai	100	ue_call	arm	ESym	X	effect-perform and fn class decided by name despite SymId => dispatch on SymId
unwind_calls.kai	103	ue_call	arm	EModCall	X	module-qualified callee decides effect vs fn by name => resolved ESym
unwind_carriers.kai	54	uc_te	arm	TyName	X	type name looked up in carrier name list => TyRef SymId membership
unwind_clauses.kai	64	ue_handles	arm	EHandle	X	handled effect name selects clauses => key by effect SymId
unwind_cx.kai	28	unw_row_class	acc	rl_names	X	row labels reduced to names for effect-unwind lookup => use label SymIds
unwind_cx.kai	29	unw_row_class	acc	rl_names	X	row labels reduced to names for effect-unwind lookup => use label SymIds
unwind_cx.kai	50	uc_labels_unwind	acc	.eff	X	label effect name looked up for unwind class => key by Label.sym
unwind_cx.kai	71	unw_is_cap_param	arm	TyName	X	type name looked up in declared effects list => TyRef SymId membership
unwind_effects.kai	86	ue_row_cancels	acc	rl_names	X	row labels reduced to names for "Cancel" test => compare label SymIds
unwind_effects.kai	87	ue_row_cancels	acc	rl_names	X	row labels reduced to names for "Cancel" test => compare label SymIds
unwind_effects.kai	110	ue_clause_unwinds	arm	EVar	L	callee compared to clause's resume binder name
unwind_operands.kai	96	uo_expr	arm	EHandle	P	handled effect name carried through rebuild unchanged
unwind_operands.kai	236	uo_is_ctor_call	arm	EVar	X	constructor call detected by uppercase-initial name => ctor SymId
unwind_operands.kai	237	uo_is_ctor_call	arm	EModCall	X	constructor call detected by uppercase-initial name => ctor SymId
unwind_pads.kai	19	unw_call_traps	arm	EVar	M	"__"-prefixed callee recognised as internal form => EMark internal
unwind_pads.kai	20	unw_call_traps	arm	ESym	M	"__"-prefixed callee recognised as internal form => EMark internal
unwind_reads.kai	33	uw_owned_borrow_var	arm	EVar	L	local variable passed owned-borrow, compared by binder name
unwind_reads.kai	82	uw_count	arm	EVar	L	counts reads of a local binder by name
unwind_reads.kai	96	unw_lending	arm	EVar	M	callee "__perceus_dup" marker compare => EMark(MkDup)
unwind_walk.kai	106	uw_local_callee	arm	EVar	L	callee checked against fn-local binder names
value_scope.kai	59	vs_leaf	arm	EVar	R	resolves bare value name to home module and rewrites to EModCall
variant_index.kai	67	vix_is_marker_tag	lit	==	M	"__" suffix on tag string marks sentinel tags => typed tag marker
vec_raw.kai	24	vr_scalar_name	lit	==	X	scalar type decided by literal names Int/Real/Bool => compare SymId to core_ty_sym
vec_raw.kai	32	vr_field_is_scalar	arm	TyName	X	scalar field decided by type name => compare TyName SymId to core scalars
vec_raw.kai	49	vr_rec_carrier_t	arm	TyCon	X	record found in recs table by type name => rec table keyed by tycon SymId
vec_surface.kai	141	vec_match_build	arm	EVar	L	match scrutinee local binder name
